word;clarification;classification;endіngs;and;look;from;vars;but
Аальба́рґ;;;;;О́льбарґ;;;
Аамы́нь;<i>м.</i> у Кітаі;;;;;Aomen;;
Аа́хен;;;;;А́хен;;;
Аба́еў;;;-ва, <i>М</i> -ву;;;;;
Абака́н;;;-ну, <i>М</i> -не;;;;;
Абале́нскі;;;;;;;;
Абасаба́д;<i>м.</i> у Іране;;;;;‘Abbāsābād;;
А́бвэр;;;-ру;;;Abwehr;;
Абдала́х;;;;;;Abdallah;;
Абдзірало́віч;;;;;;;;
Абдулаты́паў;;;;;;;;
Абду́лаў;;;;;;;;
Абісы́нія;;;;;;;;
Абрага́м;;;;;;Abraham;;
Абра́м;;;-ма, <i>М</i> -му;;;;;
Абха́зія;;;;;;;;
А́бэль;;<i>кат.</i>;;А́вэль;;;;
Аваку́м;;;;;;;;
Аві́дый;;;-дыя, <i>М</i> -дыю;;;;;
Авіньё́н;;;-ну;;;;;
А́вэль;;<i>прав.</i>;;А́бэль;;;;
Авэна́рыюс;;;;;;Avenarius;;
Ага́ё;штат у ЗША;;;;;Ohio;;
Аґно́н;;;;;;Agnon;;
Аґю́ст;;;;;;Auguste;;
Аґюстэ́н;;;;;;Augustin;;
Адабаш’я́н;;;;;;;;
Адальфі́на;;;;;;Adolfina;;
Ада́м;;;-ма;;;;;
Адо́еўскі;;;;;;;;
Адрыяно́паль;;;;;;;;
Адрыя́тыка;;;;;;;;
Адыге́я;;;;;;;;
Адысэ́й;;;;;;;;
Адысэ́я;;;;;;;;
Ады́с-Абэ́ба;<i>стал.</i> Этыёпіі;;;;;Addis Abeba;;
Адэлаі́да;<i>м.</i> у Аўстраліі;;;;;Adelaide;;
Адэо́н;;;;;;Odéon;;
Адэ́са;;;;;;;;
Ажэ́шка;;;;;;Orzeszko;;
Азаро́нак;;;;;;;;
А́зія;;;;;;;;
Азо́ў;;;;;;;;
Азэрбайджа́н;;;-ну;;;;;
Аі́д;;;;;;;;
А́йзэк;;;;;;Isaac;;
Айзэншмі́т;;;;;;;;
Айзэншта́т;;;;;;;;
Айкумэ́на;;;;;;;;
А́йрыс;;;;;;Iris;;
А́йрыш;;;;;;;;
А́йсман;;;;;;Eismann;;
А́йхман;;;;;;Eichmann;;
Акві́нскі;;;;;;;;
Акія́нія;;;;;;;;
Акро́паль;;;;;;;;
Аксэльро́д;;;;;;;;
Акта́вій;;;;;;Octavius;;
Актавія́н;;;;;;Octavianus;;
Актэо́н;;;;;;Actaeon;;
Акуджа́ва;;;;;;;;
Акутаґа́ва;;;;;;Akutagawa;;
Акцю́бінск;;;;;;;;
Акця́барскі;;;;;;;;
Акяла́йціс;;;;;;Akelaitis;;
Алаба́ма;;;;;;Alabama;;
Алаі́за;;;;;;;;
Алата́ў;;;;;;;;
Ала́х;;;;Алла́г;;;;
А́лвін;;;;;;;;
Але́г;;;;;;;;
Александра́вічус;;;;;;Aleksandravičius;;
Александро́віч;;;;;;;;
Александро́ўская;;;;;;;;
Александры́я;;;;;;;;
Алексіе́віч;;;;;;;;
Але́ксій;;;;;;;;
А́лен;;;;;;Allen;;
Але́н;;;;;;Alain;;
Але́на;;;;;;;;
Але́сь;;;;;;;;
Алё́йзас;;;;;;Aloizas;;
Алё́йзы;;;;;;;;
Алівэ́йры;;;;;;;;
Аліґ’е́ры;;;;;;Alighieri;;
А́лік;;;;;;;;
Алі́мп;;;;;;;;
Алі́мпія;;;;;;;;
Алі́са;;;;;;;;
Алі́та;;;;;;Alytus;;
Алла́г;;<i>рэліґ., мус.</i>;;;;;;
Алма́-Ата́;;;;;;;;
Ало́ўнікаў;;;;;;;;
А́лстэр;Паўночная Ірляндыя;;;;;;;
Алта́й;;;;;;;;
Алфё́рава;;;;;;;;
Алы́ка;;;;;;;;
Альба́нія;;;;;;;;
Альбе́ртас;;;;;;Albertas;;
Альбі́на;;;;;;;;
А́льбрэхт;;;;;;Albrecht;;
Альбэ́р;;;;;;Albert;;
Альбэрві́ль;;;;;;Alberville;;
Альбэ́рт;;;;;;Albert;;
Альбэрто́віч;;;;;;;;
Альбэ́ртус;;;;;;Albertus;;
Альбэрты́н;;;;;;;;
А́льварэс;;;;;;Alvarez;;
Альві́ра;;;;;;;;
Альґе́рд;;;;;;;;
Альґі́мантас;;;;;;Algimantas;;
А́льґірдас;;;;;;Algirdas;;
Альжбе́та;;;;;;;;
Альжы́р;;;;;;;;
Альжэ́р;;;;;;;;
Алькаса́р;;;;;;Alcazar;;
Альмадо́вар;;;;;;Almadovar;;
А́льпы;;;;;;;;
А́льтэнбу́рґ;;;;;;Altenburg;;
А́льфа;;;;;;;;
А́льфа-ра́дыё;;;;;;;;
Альфо́нс;;;;;;Alfons;;
Альфрэ́д;;;;;;Alfred;;
Аль-Афса́т;;;;;;;;
Аль-Ашра́к;;;;;;;;
Аль-Кіта́б;;;;;;;;
Аль-Маджы́д;;;;;;;;
Аль-Хамудзі́;;;;;;;;
Аль-Хасані́;;;;;;;;
Алю́ліс;;;;;;Aliulis;;
Алякса́ндар;;;-дра, <i>М</i> -дру;;;;;
Алякса́ндар-пляц;;;;;;Alexanderplatz;;
Алякса́ндрас;;;;;;Aleksandras;;
Аляксе́й;;;;;;;;
Аля́ска;;;;;;Alaska;;
Ама́ду;;;;;;Amado;;
Амазо́нка;;;;;;;;
Амарко́рд;;;;;;;;
Амбра́зас;;;;;;Ambrazas;;
Амо́с;;;;;;;;
Амстэрда́м;<i>стал.</i> Нідэрляндаў;;;;;Amsterdam;;
Амсьці́слаў;;;;;;;;
А́мундсэн;;;;;;Amundsen;;
Амэ́рыка;;;;;;;;
Амэрыка́нка;;;;;;;;
А́набэль;;;;;;;;
Анастасі́я;;;;;;;;
Анато́ль;;;;;;;;
Анґарэ́ціс;;;;;;Angarietis;;
Анґе́льшчына;;;;;;;;
Анґе́ля;;;;;;;;
А́нґлія;;;;;;;;
Анґо́ла;;;;;;;;
А́нджэй;;;;;;Andrzej;;
Андо́ра;;;;;;;;
Андрамэ́да;;;;;;;;
Андрані́к;;;;;;;;
Андро́паў;;;;;;;;
Андру́саўскі;;;;;;;;
Андрусі́шын;;;;;;;;
Андру́сь;;;;;;;;
Андрые́ўскі;;;;;;;;
Андрыё́лі;;;;;;;;
А́ндрыч;;;;;;Andrić;;
Андрышкя́вічус;;;;;;Andriškevičius;;
Андрэ́;;;;;;André;;
Андрэ́а;;;;;;Andrea;;
Андрэ́й;;;;;;;;
А́нды;;;;;;;;
А́ндэрс;;;;;;Anders;;
А́ндэрсан;;;;;;Anderson;;
А́ндэрсанві́л;;;;;;Andersonville;;
Ане́га;;;;;;;;
Ане́гін;;;;;;;;
Анемпады́стаў;;;;;;;;
Анжалі́на;;;;;;;;
Аніке́йчык;;;;;;;;
Анімэ́кс;;;;;;;;
А́нічкін;;;;;;;;
Анічэ́нка;;;;;;;;
Ані́шчанка;;;;;;;;
Ані́шчык;;;;;;;;
Анкара́;;;;;;Ankara;;
Анры́;;;;;;Henri;;
Антако́льскі;;;;;;;;
Антана́вічус;;;;;;Antanavičius;;
Анта́нас;;;;;;Antanas;;
Антаніё́ні;;;;;;Antonioni;;
Анта́нта;;;;;;;;
Анта́рыё;;;;;;Ontario;;
Антвэ́рпэн;;;;;;Antwerpen;;
Анто́каль;;;;;;;;
Анто́н;;;;;;;;
Анто́ні;;;;;;;;
Анто́ніё;;;;;;Antonio;;
Анто́сь;;;;;;;;
Антыґо́на;;;;;;Antigone;;
Анты́ґуа;;;;;;Antigua;;
Антыё́х;;;;;;;;
Анты́хрыст;;;-та;;;;;
Антэ́й;;;;;;;;
Ану́фрыеўскі;;;;;;;;
Анці́пенка;;;;;;;;
Анцуке́віч;;;;;;;;
Анча́раў;;;;;;;;
А́нчыц;;;;;;;;
Анышке́віч;;;;;;;;
Анэ́ля;;;;;;;;
Анэ́та;;;;;;;;
Апалё́н;;;;;;;;
Апалінэ́р;;;;;;Appolinaire;;
Апана́с;;;;;;;;
Апа́нскі;;;;;;;;
А́пдайк;;;;;;Updike;;
Апо́чка;;;;;;;;
Апшэро́н;;;;;;;;
Апэні́ны;;;;;;;;
Арабе́й;;;;;;;;
Ара́бія;;;;;;;;
Араґо́н;;;;;;Aragon;;
Ара́нія;;;;;;;;
Арара́т;;;;;;;;
Арбака́йтэ;;;;;;Orbakaitė;;
Арба́т;;;;;;;;
Арґенты́на;;;;;;;;
Арджанікі́дзэ;;;;;;;;
Арка́дзія;;;;;;;;
Арка́дзь;;;-дзя;;;;;
А́рктыка;;;;;;;;
Арле́н;;;;;;;;
Арлі́;;;;;;Orli;;
Арло́ў;;;;;;;;
Арло́ўскі;;;;;;;;
Армаґедо́н;;;;;;;;
Арма́нд;;;;;;;;
Армо́н;;;;;;;;
Армэ́нія;;;;;;;;армяні́н
Арно́льд;;;;;;;;
Аро́чка;;;;;;;;
Арсе́нь;;;;;;;;
Арсе́ньеў;;;;;;;;
Арсе́ньнева;;;;;;;;
Арсыно́я;;;;;;;;
Арсэно́я;;;;;;;;
Арту́р;;;;;;;;
Артымо́віч;;;;;;;;
Арфэ́й;;;;;;;;
Арха́нгельск;;;;;;;;
Архімэ́д;;;;;;;;
Арцё́м;;;;;;;;
Арцё́менка;;;;;;;;
Арцыме́ня;;;;;;;;
Арцямё́нак;;;;;;;;
Арша́ншчына;;;;;;;;
Арывіе́та;;;;;;;;
Арыё́ста;;;;;;Ariosto;;
Арызо́на;;;;;;Arizona;;
Ары́на;;;;;;;;
Арысто́тэль;;;;;;;;
Арыя́дна;;;;;;;;
Арэнбу́рг;;;;;;;;
Арэ́ндт;;;;;;;;
Арэ́ст;;;;;;;;
Арэ́хва;;;;;;;;
Арэ́шка;;;;;;;;
Асі́нскі;;;;;;;;
Асіпе́нка;;;;;;;;
Аска́р;Аска́р Ака́еў;;;;;;;
Аске́рка;;;;;;;;
Аско́льд;;;;;;;;
Асла́н;;;;;;;;
Асмало́ўскі;;;;;;;;
Асо́ўскі;;;;;;;;
Аста́нкіна;;;;;;;;
Астапо́віч;;;;;;;;
Аста́ф’еў;;;;;;;;
Асташо́нак;;;;;;;;
Аста́шын;;;;;;;;
Асташы́нскі;;;;;;;;
Астраве́ц;;;;;;;;
Астраве́ччына;;;;;;;;
Астрамо́віч;;;;;;;;
Астраўцо́ў;;;;;;;;
А́страхань;;;;;;;;
Астро́скі;;;;;;;;
Астро́ўскі;;;;;;;;
Астрэ́йка;;;;;;;;
Астэ́ндэ;<i>м.</i> у Бэльґіі;;;;;Oostende;;
Асы́рыя;;;;;;;;
Асьве́йскі;;;;;;;;
Асьве́нцім;;;;;;Oświęcim;;
Асьве́я;;;;;;;;
Асьцё́р;;;-ра;;;;;
Асэ́тыя;;;;;;;;
Ата́ва;<i>стал.</i> Канады;;;;;Ottawa;;
Атла́нта;<i>м.</i> у ЗША;;;;;Atlanta;;
Атла́нтык-Сі́ты;<i>м.</i> у ЗША;;;;;Atlantic-City;;
Атлянты́да;;;;;;;;
Атля́нтыка;;;;;;;;
Аты́ла;;;;;;Attila;;
Атэнадо́р;;;;;;;;
Атэ́ны;<i>стал.</i> Грэцыі;;;;;Athenai;;
Аўге́н;;;;;;;;
Аўгі́ньня;;;;;;;;
А́ўґуст;;;;;;August;;
Аўґусты́н;;;;;;;;
Аўґусьці́нас;;;;;;Augustinas;;
Аўдзе́енка;;;;;;;;
Аўдзе́й;;;;;;;;
Аўкшто́та;;;;;;;;
Аўла́с;;;;;;;;
Аўраа́м;;;;;;;;
Аўра́м;;;;;;;;
Аўра́менка;;;;;;;;
Аўро́м;;;;;;;;
Аўро́м-А́йзік;;;;;;;;
Аўро́ра;;;;;;;;
Аўрэ́лі;;;;;;;;
Аўстра́лія;;;;;;;;
А́ўстра-Вуго́ршчына;;;;;;;;
А́ўстрыя;;;;;;;;
А́ўстэрліц;;;;;;Austerlitz;;
Аўту́шка;;;;;;;;
А́ўшаў;;;;;;;;
Аўшра́;;;;;;Aušra;;
Афана́сьева;;;;;;;;
Афґаніста́н;;;;;;;;
Афі́ны;;;;;Атэ́ны;;;
Афрады́та;;;;;;;;
А́фрыка;;;-кі, <i>М</i> -рыцы;;;;;
Афэ́лія;;;;;;;;
Ахалцы́х;;;;;;;;
Ахемэні́ды;;;;;;;;
А́хен;<i>м.</i> у Нямеччыне;;-ну, <i>М</i> -не;;;Aachen;;
Ахеро́н;;;;;;;;
Ахіле́с;;;;;;;;
Ахма́нскі;;;;;;;;
Ахмэ́т;;;;;;;;
А́хола-Ва́ла;;;<i>Р</i> А́холы-Ва́ла, <i>ДМ</i> А́холу-Ва́ла, <i>Т</i> А́холам-Ва́ла;;;;;
Ахо́цкі;;;;;;;;
Ахры́дзкі;;;;;;;;
Ахрэ́мчык;;;;;;;;
А́шбэры;;;;;;Ashbury;;
Ашмя́ншчына;;;;;;;;
Ашмя́ны;;;;;;;;
Ашо́т;;;;;;;;
Ашхаба́д;;;;;;;;
Баальбэ́к;<i>м.</i> у Лібане;;;;;Baalbek;;
Бабарэ́ка;;;;;;;;
Бабілё́н;;;;;;Babylon;;
Ба́біч;;;;;;;;
Бабко́ў;;;;;;;;
Бабо́ля;;;;;;;;
Бабро́ўскі;;;;;;;;
Бабру́йск;;;;;;;;
Бабру́йшчына;;;;;;;;
Бава́рыя;;;;;;;;
Багаро́дзіца;;;;;;;;
Бага́цькаўка;;;;;;;;
Багда́д;<i>стал.</i> Іраку;;;;;Baghdad;;
Багда́н;;;;;;;;
Багда́нішкі;;;;;;;;
Багданке́віч;;;;;;;;
Багдано́віч;;;аб Багдано́вічу, <i>чый:</i> Багдано́вічаў;;;;;
Баге́мія;;;;;;;;
Багратыё́н;;;;;;;;
Багры́м;;;;;;;;
Багусла́ва;;;;;;;;
Багушэ́віч;;;<i>чый:</i> Багушэ́вічаў;;;;;
Баґдана́вічус;;;;;;Bagdonavičius;;
Бада́к;;;<i>чый:</i> Бадако́ў;;;;;
Бадле́йскі;Бадле́йская бібліятэ́ка ў О́ксфардзе;;;;;;;
Бадле́р;;;;;;Baudelaire;;
Ба́дэн-Ба́дэн;<i>м.</i> у Нямеччыне;;;;;Baden-Baden;;
Ба́дэн-Вю́ртэмбэрґ;<i>м.</i> у Нямеччыне;;;;;Baden-Württemberg;;
Бажко́;;;;;;;;
Бажэ́наў;;;;;;;;
Базарэ́віч;;;;;;;;
Ба́зэль;<i>м.</i> у Швэйцарыі;;;;;Basel;;
Базэ́н;;;;;;Bazin;;
Байкану́р;;;;;;;;
Байко́ў;;;;;;;;
Ба́йран;;;;;;Byron;;
Бака́са;;;;;;Bokassa;;
Бака́ча;;;;;;Bokaccio;;
Бакст;;;;;;;;
Баку́;<i>стал.</i> Азэрбайджану;;;;;Bakı;;
Баку́нін;;;;;;;;
Бакура́дзэ;;;;;;;;
Бакша́нскі;;;;;;;;
Ба́кшта;<i>вул.</i> у Вільні;;;;;;;
Балаго́е;;;;;;;;
Бала́кіраў;;;;;;;;
Балахо́віч;;;;;;;;
Балашы́ха;;;;;;;;
Балё́нья;<i>м.</i> у Італіі;;;;;Bologna;;
Балі́нскі;;;;;;;;
Балка́ны;;;;;;;;
Балтасла́вія;;;;;;;;
Балту́пы;у Вільні;;;;;;;
Балты́йск;;;;;;;;
Балты́йска-Чарнамо́рскі;;;;;;;;
Ба́лтыка;;;;;;;;
Балтымо́р;<i>м.</i> у ЗША;;;;;Baltimore;;
Ба́лтыя;;;;;;;;
Бальза́к;;;;;;Balzac;;
Бальмо́нт;;;;;;;;
Бальтаза́р;;;;;;Baltasar;;
Бальцаро́віч;;;;;;Balcerowicz;;
Балю́ліс;;;;;;Baliulis;;
Балядзю́р;;;;;;Balladur;;
Балясла́ў;;;;;;;;
Бамбе́й;<i>м.</i> у Індыі;;;;;Bombay;;
Банавэнту́ра;;;;;;Bonaventura;;
Бана́йціс;;;;;;Banaitis;;
Банапа́рт;;;;;;Bonaparte;;
Банґало́р;<i>м.</i> у Індыі;;;;;Bangalore;;
Банґко́к;<i>стал.</i> Тайлянду;;;;;Bangkok;;
Банґлядэ́ш;;;;;;;;
Бандару́к;;;;;;;;
Бандарэ́нка;;;"<i>м.</i> -нкі, <i>ДМ</i> -нку, <i>Т</i> -нкам; <i>ж.</i> -нкі, <i>ДМ</i> -нцы, <i>Т</i> -нкай";;;;;
Бандэ́ра;;;;;;;;
Банё́ніс;;;;;;Banionis;;
Банко́ўскі-Цю́ліґ;;;;;;Bankowski-Züllig;;
Бано́йць;;;;;;;;
Баравіко́ва;;;;;;;;
Бараво́й;;;;;;;;
Барадзі́н;;;;;;;;
Бараду́лін;;;;;;;;
Бара́навічы;;;-чаў;;;;;
Баранавы́х;;<i>нязьм.</i>;;;;;;
Бара́наў;;;;;;;;
Барана́ўскас;;;;;;Baranauskas;;
Бараўля́ны;;;;;;;;
Барба́ра;;;;;;;;
Барбу́да;;;;;;;;
Барві́ха;;;;;;;;
Ба́рдах;;;;;;Bardach;;
Баркашо́ў;;;;;;;;
Барко́ўскі;;;;;;;;
Баркула́б;;;;;;;;
Баркула́баўскі;;;;;;;;
Барна́кль;;;;;;Barnacle;;
Барсэлё́на;<i>стал.</i> Каталёніі;;;;;Barcelona;;
Барт;;;;;;Barthes;;
Барталямэ́й;;;;;;;;
Барташэ́віч;;;<i>чый:</i> Барташэ́вічаў;;;;;
барташэ́вічаўскі;;;;;;Барташэ́віч;;
Бартке́віч;;;;;;;;
Бартно́ўскі;;;;;;;;
Барто́сік;;;<i>чый:</i> Барто́сікаў;;;;;
барто́сікаўскі;;;;;;Барто́сік;;
Ба́ртчак;;;<i>чый:</i> Бартчако́ў;;;Bartczak;;
бартчако́ўскі;;;;;;Ба́ртчак;;
Ба́ртэльс;;;;;;;;
Бару́ны;;;;;;;;
Баршчэ́ўскі;;;;;;;;
Бары́с;;;Бары́са / Барыса́;;;;;
Барысагле́бскі;;;;;;;;
Бары́саў;;;;;;;;
Бары́саўшчына;;;;;;;;
Барысе́віч;;;;;;;;
Бары́сік;;;;;;;;
Барысла́ў;;;;;;;;
Барыстэ́н;;;;;;;;
Бары́с-хле́бнік;;;Бары́са-хле́бніка;;;;;
Барэ́йка;;;;;;;;
Баса́еў;;;;;;;;
Басана́вічус;;;;;;Basanavičius;;
Басано́віч;;;;;;;;
Ба́саў;;;;;;;;
Басё́;;;;;;Bashō;;
Басо́вішча;;;;;;;;
Басты́лія;;;;;;Bastille;;
Басьні́йска-Герцаґаві́нскі;;;;;;;;
Ба́тлер;;;;;;Butler;;
Бату́ра;;;<i>Т</i> <i>м.</i> Бату́рам, <i>ж.</i> Бату́рай;;;;;
Баты́й;;;;;;;;
Батырша́;;;;;;;;
Батычэ́лі;;;;;;Boticelli;;
Баўга́рыя;;;;;;;;
Ба́ўман;;;;;;;;
Баўтраме́й;;;;;;;;
Бафо́рт;;;;;;Bofort;;
Бах;;;;;;Bach;;
Ба́хман;;;;;;Bachmann;;
Ба́хус;;;;;;;;
Бахці́н;;;;;;;;
Ба́цькаўшчына;;;;;;;;
Бачы́ла;;;;;;;;
Бачы́нскі;;;;;;;;
Башкі́рыя;;;;;;;;
Башу́ра;;;;;;;;
Баяро́ўскі;;;;;;;;
Бе́гін;;;;;;;;
Без-Карніло́віч;;;;;;;;
Бе́кеш;;;;;;;;
Белаве́жа;;;;;;;;
Белако́з;;;;;;;;
Белапо́ль;;;;;;;;
Белару́сь;;;-сі, <i>Т</i> -сяй;;;;;
Беларуська́лій;;;;;;;;
Белару́сь-Галя́ндыя;;;;;;;;
Белару́сь-каталі́чка;;;;;;;;
Белару́сь-правасла́ўная;;;;;;;;
Беларутэ́нія;;;;;;;;
Беласто́к;;;;;;;;
Беласто́ччына;;;;;;;;
Белвэ́ст;;;;;;;;
Бе́ліца;;;;;;;;
Бе́льмач;;;;;;;;
Бе́льчыцы;;;;;;;;
Бе́льшчына;;;;;;;;
Беляму́к;;;;;;;;
Бе́мбель;;;;;;;;
Бе́ніца;;;;;;;;
Беняко́ні;;;;;;;;
Бе́няш;;;;;;;;
Беразьве́цкі;;;;;;;;
Беразьве́чча;;;;;;;;
Бе́расьце;;;;;;;;
Берасьце́йшчына;;;;;;;;
Бе́рдыж;;;;;;;;
Бе́рут;;;;;;Bierut;;
Бе́рыя;;;;;;;;
Бе́чык;;;;;;;;
Бешанко́вічы;;;-чаў;;;;;
Бёль;;;;;;Böll;;
Бём;;;;;;Böhm;;
Бжэзі́нскі;;;;;;Brzeziński;;
Бжэ́хва;;;;;;Brzechwa;;
Бібі́ла;;;;;;;;
Бі́блія;;;;;;;;
Бізанты́я;;;;;;;;
Бізэ́;;;;;;Bizet;;
Біл;;;;;;Bill;;
Більдзюке́віч;;;;;;;;
Бі́рдсьлі;;;;;;Beardsley;;
Бі́ржы;;;;;;Biržai;;
Біржы́шка;;;;;;Biržiška;;
Бі́рма;;;;;М’я́нма;;;
Біруко́ў;;;;;;;;
Бі́сэрка;;;;;;;;
Бітлз;;;;;;Beatles;;
Бічэ́ль-Загне́тава;;;;;;;;
Бі-Бі-Сі́;;;;;;BBC;;
Блішчы́нскі;;;;;;;;
Блу́мзбэры;у Лёндане;;;;;Bloomsbury;;
Блэйк;;;;;;Blake;;
Блюм;;;;;;Bloom;;
Блю́мнэр;;;;;;;;
Блю́хер;;;;;;;;
Бог;;;Бо́га;;;;;
Бо́гша;Ла́зар Бо́гша;;;;;;;
Бо́жы;;;;;;;;
Бо́кун;;;;;;;;
Бо́лесь;;;<i>чый:</i> Бо́лесеў;;;;;
Бо́нда;;;;;;;;
бо́ндаўскі;;;;;;Бо́нда;;
Бонфуа́;;;;;;Bonnefoi;;
Бо́ртэншля́ґер;;;;;;Bortenschlager;;
Бо́рхес;;;<i>чый:</i> Бо́рхесаў;;;Borges;;
бо́рхесаўскі;;;;;;Бо́рхес;;
Босх;;;<i>чый:</i> Бо́схаў;;;Bosch;;
бо́схаўскі;;;;;;Босх;;
Бо́сьнія;;;;;;;;
Бо́тліхскі;;;;;;;;
Боўш;;;;;;;;
Бо́ўэн;;;;;;Bowen;;
Бра́гін;;;;;;;;
Бра́гіншчына;;;;;;;;
Бра́ен;;;;;;Brian;;
Бражы́нскас;;;;;;Bražinskas;;
Браза́ўскас;;;;;;Brazauskas;;
Бразо́ўскі;;;;;;;;
Бразы́лія;;;;;;;;
Бра́йтан-Біч;;;;;;Brighton Beach;;
Бракга́ўз;;;;;;;;
Брамс;;;;;;Brahms;;
Бра́ндыс;;;;;;Brandys;;
Брандэнбу́рґ;<i>м.</i> у Нямеччыне;;;;;Brandenburg;;
Бранісла́вавіч;;;;;;;;
Бранісла́вец;;;;;;;;
Бранісла́ў;;;;;;;;
Брані́цкі;;;;;;;;
Бранск;;;;;;;;
Брант;;;;;;Brandt;;
Бра́ншчына;;;;;;;;
Бра́слаў;;;;;;;;
Браўншва́йґ;;;;;;Braunschweig;;
Бродвэ́й;;;;;;Broadway;;
Бро́дзкі;;;;;;;;
Бро́нісь;;;;;;;;
Бронкс;;;;;;Bronx;;
Бро́нскі;;;;;;;;
Бронтэ́;;;;;;Brontë;;
Бро́ўка;;;;;;;;
Брох;;;;;;;;
Бружа́йце;;;;;;Bružaitė;;
Бру́клін;;;;;;Brooklyn;;
Бруло́ў;;;;;;;;
Бру́на;;;;;;Bruno;;
Бруно́н;;;;;;Brunon;;
Бру́саў;;;;;;;;
Брусэ́ль;;;;;;Bruxelles/Brussel;;
Брыґі́та;;;;;;;;
Брысто́ль;;;;;;Bristol;;
Брысьві́ль;;;;;;Brisville;;
Брыта́нія;;;;;;;;
Брыя́н;;;;;;Briand;;
Брэ́дбэры;;;;;;Bradbury;;
Брэ́длі;;;;;;Bradley;;
Брэ́дфард;<i>м.</i> у Вялікабрытаніі;;;;;Bradford;;
Брэ́жнеў;;;;;;Брежнев;;
Брэ́йґель;;;;;;Brueghel;;
Брэ́мэн;<i>м.</i> у Нямеччыне;;;;;Bremen;;
Брэмэрха́фэн;<i>м.</i> у Нямеччыне;;;;;Bremerhaven;;
Брэ́ндан;;;;;;Brendan;;
Брэта́нь;;;;;;;;
Брэто́н;;;;;;Breton;;
Брэ́тфус;;;;;;Bretfuss;;
Брэхт;;;;;;Brecht;;
Буанаро́ці;;;;;;;;
Буг;;;;;;;;
Бугу́льма;;;;;;;;
Будапэ́шт;<i>стал.</i> Вугоршчыны;;;;;Budapest;;
Бу́да-Кашалё́ва;;;;;;;;
Будзё́наўск;;;;;;;;
Будзяё́віцэ;;;;;Чэ́ске Будзяё́віцэ;;;
Бу́дслаў;;;-слава;;;;;
Буйло́;;;;;;;;
Буйні́цкі;;;;;;;;
Букчы́н;;;;;;;;
Була́к-Балахо́віч;;;;;;;;
Бу́лахаў;;;;;;;;
Бу́лгак;;;;;;;;
Булы́ка;;;;;;;;
Булычо́ў;;;;;;;;
Бум-Бам-Лі́т;;;;;;;;
Бунд;;;;;;;;
Бу́нін;;;;;;;;
Бура́лкін;;;;;;;;
Бура́ўкін;;;;;;;;
Бура́ція;;;;;;;;
Бу́рбіс;;;;;;;;
Бурбо́н;;;;;;Bourbon;;
Бурбу́ліс;;;;;;;;
Бурґа́скі;;;;;;;;
Бурґу́ндыя;;;;;;;;
Буркі́на-Фасо́;;;;;;;;
Буру́ндзі;;;;;;;;
Бутке́віч;;;;;;;;
Буткя́вічус;;;;;;Butkevičius;;
Бутраме́еў;;;;;;;;
Бухенва́льд;;;;;;Buchenwald;;
Буш;;;;;;Bush;;
Бушляко́ў;;;;;;;;
Буэ́нас-А́йрэс;<i>стал.</i> Арґентыны;;;;;Buenos Aires;;
Бы́дґашч;;;;;;Bydgoszcz;;
Бы́каў;;;;;;;;
бы́каўскі;;;;;;Бы́каў;;
Быко́ўскі;;;;;;;;
Бы́стрыца;;;;;;;;
Бы́хаў;;;;;;;;
Бы́цень;;;;;;;;
Бэатры́с;;;;;;Beatrice;;
Бэатры́чэ;;;;;;Beatrice;;
Бэ́ґін;;;;;;Begin;;
Бэ́йкер;;;;;;Baker;;
Бэйт-Лэхэм;;;;;;Bethlehem;;
Бэ́кан;;;;;;Bacon;;
Бэкендо́рф;;;;;;;;
Бэ́кет;;;;;;Beckett;;
Бэ́кеш;;;;;;;;
Бэ́ла;;;;;;;;
Бэлі́ні;;;;;;Bellini;;
Бэ́лфаст;;;;;;Belfast;;
Бэ́льґія;;;;;;;;
Бэльзэбу́б;;<i>кат.</i>;;Вельзяву́л;;;;
Бэ́ндэ;;;;;;;;
Бэ́ндэр;;;;;;;;
Бэнілю́кс;;;;;;;;
Бэні́та;;;;;;Benito;;
Бэнэды́кт;;;;;;;;
Бэ́нэт;;;;;;Bennet;;
Бэргельсо́н;;;;;;;;
Бэ́ргман;;;;;;;;
Бэрд;;;;;;Bird;;
Бэ́рклі;;;;;;Berkeley;;
Бэ́ркшыр;;;;;;Berkshire;;
Бэрлі́н;;;;;;Berlin;;
Бэрму́ды;;;;;;;;
Бэрна́р;;;;;;Bernard;;
Бэрна́рд;;;;;;Bernard;;
Бэрна́рдо;;;;;;Bernardo;;
Бэрнардо́ні;;;;;;Bernardoni;;
Бэрнс;;;;;;Burns;;
Бэрнэ́с;;;;;;;;
Бэро́ўз;;;;;;Barrows;;
Бэ́рсан;;;;;;;;
Бэртра́н;;;;;;Bartrand;;
Бэ́ры;;;;;;;;
Бэрэні́ка-князё́ўна;;;;;;;;
Бэтлее́м;;;;;;;;
Бэ́тсі;;;;;;;;
Бэтхо́вэн;;;;;;Beethoven;;
Бэты́ні;;;;;;Bettini;;
Бяду́ля;;;;;;;;
Бялгра́д;<i>стал.</i> Сэрбіі;;;;;Beograd;;
Бяле́віч;;;;;;;;
Бяле́ніс;;;;;;;;
Бяле́цкі;;;;;;;;
Бялі́нскі;;;;;;;;
Бялы́ніцкі-Біруля́;;;;;;;;
Бялы́нічы;;;;;;;;
Бяльке́віч;;;;;;;;
Бяля́еў;;;;;;;;
Бяля́цкі;;;;;;;;
Бярдзя́еў;;;;;;;;
Бярдзя́нск;;;;;;;;
Бяро́заўскі;;;;;;;;
Бяро́за-Карту́ская;;;;;;;;
Бяро́зкін;;;;;;;;
Бяры́нда;;;;;;;;
Бярэ́жа;;;;;;;;
Бярэ́зіна;;;;;;;;
Бярэ́зінскі;;;;;;;;
Ва́аль;<i>р.</i> у ПАР;;;;;Vaal;;
Ва́вэль;;;;;;Wawel;;
Вадале́й;;;-ле́я;;;;;
Вадзі́м;;;;;;;;
Вадзі́нскі;;;;;;;;
Вадо́хрышча;;;;;;;;
Вазьнясе́нскі;;;;;;;;
Вайга́ны-Ля́хаўшчына;;;Вайга́наў-Ля́хаўшчыны;;;;;
Ва́йдас;;;;;;Vaidas;;
Вайдо́тас;;;;;;Vaidotas;;
Вайніло́віч;;;;;;;;
Ва́йсман;;;;;;Weismann;;
Вайто́віч;;;;;;;;
Ва́йцзэкер;;;;;;Weizsäcker;;
Валаа́м;;;;;;;;
Валада́рскі;;;;;;;;
Вала́нчус;;;;;;Valančius;;
Валахано́віч;;;;;;;;
Валгагра́д;;;;;;Волгоград;;
Валгадо́нск;;;;;;Волгодонск;;
Валда́й;;;;;;;;
Ва́лдас;;;;;;Valdas;;
Вале́нсія;;;;;;Valencia;;
Вале́ра;;;Вале́раў;;;;;
Вале́рка;;;;;;;;
Вале́рыюс;;;;;;Valerijus;;
Вале́рыя;;;;;;;;
Валіву́лін;;;;;;;;
Валі́лы;;;;;;;;
Валішэ́ўскі;;;;;;;;
Валко́нскі;;;;;;;;
Вало́віч;;;;;;;;
Вало́дзя;;;<i>Т</i> Вало́дзем;;;;;
Вало́дша;;;;;;;;
Вало́жын;;;;;;;;
Вало́жыншчына;;;;;;;;
Валу́й;;;;;;;;
Валы́нь;;;;;;;;
Вальдэма́р;;;;;;;;
Валье́ха;;;;;;Vallejo;;
Вальжы́на;;;;;;;;
Вальтэ́р;;;;;;Voltaire;;
Валэ́нса;;;;;;Wałęsa;;
Валянты́н;;;<i>чый:</i> Валянты́наў;;;;;
Валянці́н;;;;;;;;
Вампі́лаў;;;;;;;;
Ва́ндэрбілт;;;;;;Vanderbilt;;
Вандэ́я;;;;;;;;
Ванько́віч;;;;;;;;
Ванэ́са;;;;;;Vanessa;;
Вараб’ё́ў;;;;;;Воробьев;;
Варатніко́ў;;;;;;;;
Варашке́віч;;;;;;;;
Варвашэ́ня;;;;;;;;
Вардама́цкі;;;;;;;;
Варкута́;;;;;;;;
Варла́маў;;;;;;;;
Варо́неж;;;;;;;;
Варфаламе́й;;;;;Барталамэ́й;;;
Варша́ва;<i>стал.</i> Польшчы;;;;;Warszawa;;
Варыво́нчык;;;;;;;;
Васіле́віч;;;;;;;;
Васіле́нка;;;;;;;;
Васіле́ўскі;;;;;;;;
Васілі́да;;;;;;;;
Васілі́ск;;;;;;;;
Васілі́шкі;;;;;;;;
Васі́ль;;;;;;;;
Васі́льеў;;;;;;;;
Васкрасе́нскі;;;;;;;;
Васьняцо́ў;;;;;;;;
Ва́сэрман;;;;;;Wassermann;;
Васюке́віч;;;;;;;;
Васючэ́нка;;;;;;;;
Ватыка́н;;;;;;;;
Ватэнштэ́т;;;;;;Watenstedt;;
Ватэрлё́;;;;;;Waterloo;;
Ваўжэ́цкі;;;;;;;;
Ваўкавы́ск;;;;;;;;
Ваўраню́к;;;;;;;;
Вацла́ў;;;;;;;;
Вашко́;;;;;;;;
Вашынґто́н;<i>стал.</i> ЗША;;;;;Washington;;
Ваяво́дзіна;;;;;;;;
Ведзяне́еў;;;;;;;;
Ведзяно́;;;;;;;;
Велімі́р;;;;;;;;
Вельзяву́л;;<i>прав.</i>;;Бэльзэбу́б;;;;
Ве́на;<i>стал.</i> Аўстрыі;;;;;Wien (слав. слова Вѣна);;
Венецыя́наў;;;;;;;;
Ве́нцлава;;;;;;Venclova;;
Верані́ка;;;;;;;;
Вераце́ньнікаў;;;;;;;;
Ве́рхне-Калы́мск;;;;;;;;
Верхнядзьві́нск;;;;;;;;
Верхнядзьві́ншчына;;;;;;;;
Весялко́ўскі;;;;;;;;
Віва́льдзі;;;;;;Vivaldi;;
Ві́ґанд;;;;;;Wigand;;
Віе́р;;;;;;;;
Віетна́м;;;-му;;;;;
Візанты́я;;;;;Бізанты́я;;;
Віке́нці;;;;;;;;
Віке́нцьеў;;;;;;;;
Ві́ктарас;;;;;;Viktoras;;
Вікто́рыя;;;;;;;;
Ві́ланд;;;;;;Wieland;;
Віле́йка;;;;;Вяле́йка;;;
Віль;;;;;;;;
Вільге́льм;;;;;;Wilhelm;;
Вількамі́р;;;;;;;;
Ві́льня;;;;;;;;
Ві́льня-Ме́нск;;;;;;;;
Віля́наў;;;;;;Wilanów;;
Вінаку́р;;;;;;;;
Віні́цкі;;;;;;;;
Ві́ні-Пух;;;;;;;;
Вінтэрштэ́йн;;;;;;Winterstein;;
Ві́нцас;;;;;;Vincas;;
Вінцу́к;;;;;;;;
Вінцэ́нт;;;;;;;;
Вінцэ́сь;;;;;;;;
Ві́нчы;;;;;;Vinci;;
Ві́нэр;;;;;;Wiener;;
Вірґі́ліюс;;;;;;Virgilijus;;
Вірґі́нія;;;;;;;;
Вірджы́нія;штат у ЗША;;;;;Virginia;;
Вісаґі́нас;;;;;;Visaginas;;
Вісарыё́навіч;;;;;;;;
Віскулі́;;;;;;;;
Ві́сла;<i>р.</i> у Польшчы;;;;;Wisła;;
Вісэ́нтэ;;;;;;Vicente;;
Віт;;;;;;;;
Вітажэ́нец;;;;;;;;
Віта́лік;;;;;;;;
Віта́ль;;;;;;;;
Ві́тан-Дубе́йкаўскі;;;;;;;;
Ві́тас;;;;;;Vytas;;
Вітґенштэ́йн;;;;;;Witgenstein;;
Вітру́вій;;;;;;Vitruvius;;
Віту́шка;;;;;;;;
Вітэ́лій;;;;;;Vitelius;;
Вітэнбэ́рґ;;;;;;Wittenberg;;
Вішняко́ў;;;;;;;;
Вішы́;<i>м.</i> у Францыі;;;;;Vichy;;
Віяле́та;;;;;;;;
Вія́н;;;;;;Vian;;
Вла́дас;;;;;;Vladas;;
Влта́ва;<i>р.</i> у Чэхіі;;;;;Vltava;;
Во́бземлю;;;;;;;;
Во́бмацкам;;;;;;;;
Во́йніч;;;;;;;;
Во́йтка;;;;;;;;
Во́йцех;;;;;;Wojciech;;
Во́йцік;;;;;;;;
Во́лга;;;;;;;;
Во́лмэн;;;;;;Wallman;;
во́лскі;;;;;;во́лга;;
Во́льва;;;;;;;;
Во́лька;;;;;;;;
Во́льфґанґ;;;;;;Wolfgang;;
Во́нэґут;;;;;;Vonnegut;;
Во́рскла;;;;;;;;
Вуго́ршчына;;;;;;;;
Вукава́р;;;;;;Vukovar;;
Вулф;;;;;;Wolf;;
Вульґа́та;;;;;;;;
Ву́нія;;;;;;;;
Выго́цкі;;;;;;;;
Высо́кае-Літо́ўскае;;;;;;;;
Высо́цкі;;;;;;;;
Вэ́бэр;;;;;;Weber;;
Вэ́зэр;;;;;;Weser;;
Вэйль;;;;;;Weil;;
Вэ́йцман;;;;;;Weizmann;;
Вэ́ксаль;;;-ля;;;;;
Вэ́ксьлер;;;;;;Wexler;;
Вэ́лер;;;;;;;;
Вэля́скес;;;;;;Velázquez;;
Вэ́нзэль;;;-ля;;;;;
Вэ́нтспілс;<i>м.</i> у Латвіі;;;;;Ventspils;;
Вэнэ́ра;;;;;;;;
Вэнэсуэ́ла;;;;;;;;
Вэнэ́та;;;;;;Veneto;;
Вэнэ́цыя;;;;;;Venezia;;
Вэрані́ка;;;;;;;;
Вэрво́льф;;;;;;;;
Вэрґі́лій;;;;;;Vergilius;;
Вэ́рдзі;;;;;;Verdi;;
Вэрле́н;;;;;;Verlaine;;
Вэ́рмахт;;;-ту;;;;;
Вэрмо́нт;штат у ЗША;;;;;Vermont;;
Вэрмэ́ер;;;;;;Vermeer;;
Вэрн;;;;;;Verne;;
Вэ́рнэр;;;;;;Werner;;
Вэро́не;<i>м.</i> у Італіі;;;;;Verona;;
Вэрса́ль;<i>м.</i> у Францыі;;;;;Versailles;;
Вэ́рфавы;;;;;;;;
Вэсо́віч;;;;;;;;
Вэспасія́н;;;;;;Vespasianus;;
Вэстмі́нстэрскі;;;;;;;;
Вэ́стэрн;;;-ну;;;;;
Вэ́тэр;;;;;;Wetter;;
Вюнсдо́рф;;;;;;Wünsdorf;;
Вяжэ́віч;;;;;;;;
Вя́зкі;;;;;;;;
Вяле́йка;;;;;;;;
Вялі́ж;;;;;;;;
Вялі́кабрыта́нія;;;;;;;;
Вялікалітва́;;;;;;;;
Вялікапо́льшча;;;;;;;;
Вялі́кдзень;;;Вялі́кадня;;;;;
Вяльля́;;;;;;;;
Вяльля́начка;;;;;;;;
Вялю́гін;;;;;;;;
Вярге́й;;;;;;;;
Вярці́нскі;;;;;;;;
Вяры́га-Дарэ́ўскі;;;;;;;;
Вячасла́ў;;;;;;;;
Гаа́ґа;;;;;;Haag;;
Габрусё́ў;;;;;;;;
Габру́сік;;;;;;;;
Габру́сь;;;;;;;;
Га́бсбурґ;;;;;;Habsburg;;
Га́вал;Ва́цлаў Га́вал;;Га́ўла;;;Havel;;
Гава́на;;;;;;Habana;;
Гаво́рскі;;;;;;;;
Гадле́ўскі;;;;;;;;
Га́дсан;;;;;;Hudson;;
Гадуно́ў;;;;;;;;
Гадэ́нка;;;;;;;;
Гаі́ці;;;;;;Haiti;;
Гайда́р;;;;;;;;
Гайду́к;;;;;;;;
Га́йдэґер;;;;;;Heidegger;;
Гайдэншта́йн;;;;;;Heidenstein;;
Га́йдэр;;;;;;Haider;;
Гайд-па́рк;;;;;;Hyde Park;;
Га́йна;;;;;;;;
Га́йнаўка;;;;;;;;
Га́йнбург;;;;;;;;
Га́йнэ;;;;;;Heine;;
Гайцюні́шкі;;;;;;;;
Галава́ч;;;;;;;;
Гала́заў;;;;;;;;
Гале́нчанка;;;;;;;;
Гале́я;Камэ́та Гале́я;;;;;Halley;;
Галіву́д;;;;;;Hollywood;;
Га́ліч;;;;;;;;
Галічына́;;;;;;;;
Галко́ўскі;;;;;;;;
Галубо́віч;;;;;;;;
Гальля́ш;;;;;;;;
Гальпяро́віч;;;;;;;;
Гальша́ны;;;;;;;;
Галя́ндыя;;;;;;;;
Гамане́ц;;;;;;;;
Га́мбурґ;;;-ґу;;;Hamburg;;
Га́мільтан;;;;;;Hamilton;;
Га́млет;;;;;;Hamlet;;
Гамэ́р;;;;;;Homēros;;
Ганджумя́н;;;;;;;;
Га́ндкэ;;;;;;Handke;;
Ганіба́л;;;;;;Hannibal;;
Ганко́нґ;;;;;;Hong Kong;;
Га́нна;;;<i>ДМ</i> Га́ньне;;;;;
Гано́вэр;;;;;;Hannover;;
Гано́ры;;;;;;;;
Ганс;;;;;;Hans;;
Га́нсэн;;;;;;Hansen;;
Гану́ся;;;;;;;;
Га́нцавічы;;;;;;;;
Ганчаро́ў;;;;;;;;
Ганча́рык;;;;;;;;
Гапо́ненка;;;;;;;;
Гарадзе́ншчына;;;;;;;;
Гарадзе́ц;;;;;;;;
Гарадзе́я;;;;;;;;
Гара́цый;;;;;;Horatius;;
Гара́цыо;;;;;;Horatio;;
Гарбачо́ў;;;;;;;;
Га́рбук;;;;;;;;
Га́рвард;;;;;;Harward;;
Гардзе́й;;;;;;;;
Га́рдыян;;;;;;Guardian;;
Га́рлем;;;;;;Harlem;;
Гаро́льд;;;-да;;;Harold;;
Га́рпэр;;;;;;Harper;;
Га́ртман;;;;;;Hartmann;;
Га́ртны;;;;;;;;
Гару́н;;;;;;;;
Га́ры;;;;;;Harry;;
Гары́нь;;;;;;;;
Гарэ́лік;;;;;;;;
Гарэ́цкі;;;;;;;;
Гаспо́дзь;;;;;Го́спад;;;
Гасьцю́хін;;;;;;;;
Гаўру́к;;;;;;;;
Гаўрусё́ў;;;;;;;;
Гаўры́ла;;;;;;;;
Га́ўсман;;;;;;Hausmann;;
Га́ўя;;;;;;;;
Га́чынсан;;;;;;Hutchinson;;
Га́шак;;;Га́шка;;;;;
Гаява́та;;;;;;;;
Ге́ґель;;;;;;Hegel;;
Ге́двіґ;;;;;;Hedwig;;
Ге́йнэ;;;;;Га́йнэ;;;
Ге́лер;;;;;;;;
Ге́льмут;;;;;;Helmut;;
Ге́льсынкі;;;;;;Helsinki;;
Гемінґуэ́й;;;;;;Hemingway;;
Гена́дзь;;;;;;;;
Ге́ніюш;;;;;;;;
Ге́нры;;;;;;Henry;;
Генрые́та;;;;;;Henriette;;
Ге́нрык;;;;;;Henryk;;
Ге́нрых;;;;;;Heinrich;;
Ге́нусь;;;;;;;;
Гео́ргі;;;;;;;;
Герадо́т;;;;;;Herodotus;;
Гераклі́т;;;;;;Heraclitus;;
Герані́м;;;;;;;;
Герасіме́нка;;;;;;;;
Герасімо́віч;;;;;;;;
Гера́сімчык;;;;;;;;
Гербала́йф;;;;;;Herbalife;;
Ге́рбэрт;;;;;;Herbert;;
Германо́віч;;;;;;;;
Гермэ́с;;;;;;Hermes;;
Гермянчу́к;;;;;;;;
Герцаґаві́на;;;;;;;;
Ге́рцэн;;;;;;;;
Геспэры́д;;;;;;;;
Ге́сэ;;;;;;Hesse;;
Ге́сэль;;;;;;Hessel;;
Гё́йзынґа;;;;;;Huizinga;;
Гіка́ла;;;;;;;;
Гіле́віч;;;;;;;;
Гіль;;;;;;;;
Гі́льфэрдынґ;;;;;;Hilferding;;
Гіля́ры;;;;;;;;
Гімала́і;;;;;;;;
Гі́млер;;;;;;Himmler;;
Гімэнэ́й;;;;;;Hymenaeus;;
Гіпакра́т;;;;;;Hippocratēs;;
Гірасі́ма;;;;;;Hiroshima;;
Гі́руць;;;;;;;;
Гірш;;;;;;;;
Гі́тлер;;;;;;Hitler;;
Гітлерю́ґенд;;;-ду;;;;;
Гітро́ў;;;;;;Heathrow;;
Гічко́к;;;;;;Hitchcock;;
Гішпа́нія;;;;;;;;
Глаго́ўская;;;;;;;;
Гла́дзік;;;;;;Hladík;;
Гле́баў;;;;;;;;
Гле́бка;;;;;;;;
Глі́нка;;;;;;;;
Глі́нскі;;;;;;;;
Глі́ньнік;;;;;;;;
Глуск;;;;;;;;
Глыбо́кае;;;;;;;;
Глыбо́ччына;;;;;;;;
Глябо́віч;;;;;;;;
Гляко́ўскі;;;;;;;;
Гмыра́к;;;;;;;;
Гніламё́даў;;;;;;;;
Го́га;;;;;;;;
Го́галь;;;;;;;;
Голмс;Шэ́рлак Голмс;;;;;Holms;;
Го́лубеў;;;;;;;;
Го́мель;;;;;;;;
Го́мельшчына;;;;;;;;
Го́мій;;;;;;;;
Го́нэкер;;;;;;Honecker;;
Го́пкінс;;;;;;Hopkins;;
Го́радня;;;;;;;;
Го́ркі;;;;;;;;
Го́ры;;;;;;;;
Го́спад;;;-да;;;;;
Го́ўард;;;;;;Howard;;
Го́фман;;;;;;Hofmann;;
Грабі́нскі;;;;;;;;
Гра́бчыкаў;;;;;;;;
Градча́ны;;;;;;Hradčany;;
Гразно́ва;;;;;;;;
Грама́дчанка;;;;;;;;
Грамы́ка;;;;;;;;
Грахо́ўскі;;;;;;;;
Грачо́ў;;;;;;;;
Гро́заў;;;;;;;;
Гро́зны;;;;;;;;
Гру́зія;;;;;;;;
Грузьдзіло́віч;;;;;;;;
Грушавы́;;;;;;;;
Грыбае́даў;;;;;;;;
Грыгалю́нас;;;;;;;;
Грыгаро́віч;;;;;;;;
Грыгарэ́нка;;;;;;;;
Грыго́р’еў;;;;;;;;
Грыне́віч;;;;;;;;
Грынке́віч;;;;;;;;
Грынцэ́віч;;;;;;;;
Грыняві́цкі;;;;;;;;
Грыцаве́ц;;;;;;;;
Грыцке́віч;;;;;;;;
Грышке́віч;;;;;;;;
Грэбеншчыко́ў;;;;;;;;
Грэ́цыя;;;;;;;;
Гудага́й;;;;;;;;
Гу́дзевічы;;;;;;;;
Гудзо́н;;;;;Га́дсан;;;
Гудэрмэ́с;;;;;;;;
Гу́мбальт;;;;;;Humboldt;;
Гумілё́ў;;;;;;;;
Гумяню́к;;;;;;;;
Гурло́;;;;;;;;
Гу́рскі;;;;;;;;
Гурыно́віч;;;;;;;;
Гурэ́віч;;;;;;;;
Гурэ́цкі;;;;;;;;
Гус;;;;;;Hus;;
Гусо́ўскі;;;;;;;;
Гусэ́йн;;;;;;Hussein;;
Гусэ́рль;;;;;;Husserl;;
Гу́тараў;;;;;;;;
Гутаро́віч;;;;;;;;
Гуты́рчык;;;;;;;;
Гуцу́льшчына;;;;;;;;
Гу́цька;;;;;;;;
Гуцэ́віч;;;;;;;;
Гэле́на;;;;;;Helena;;
Гэ́рбэрт;;;;;;Herbert;;
Гюґо́;;;;;;Hugo;;
Г’юз;;;;;;Hughes;;
Ґа́брава;;;;;;;;
Ґабрыэ́ль;;;;;;Gabriel;;
Ґабрыэ́ля;;;;;;Gabriella;;
Ґаґе́н;;;;;;Gaugin;;
Ґада́мэр;;;;;;Gadamer;;
Ґада́р;;;;;;Godard;;
Ґадо́;;;;;;Godot;;
Ґазпра́м;;;-му;;;;;
Ґайжу́ціс;;;;;;Gaižutis;;
Ґаліле́й;;;;;;;;
Ґаліле́я;;;;;;;;
Ґаліма́р;;;;;;Gallimard;;
Ґалі́нскі;Цэза́ры Ґалі́нскі;;;;;Goliński;;
Ґалі́цыя;;;;;;;;
Ґалчы́нскі;;;;;;Gałczyński;;
Ґальда́дзэ;;;;;;;;
Ґальфстры́м;;;;;;;;
Ґалятэ́я;;;;;;Galatea;;
Ґамбро́віч;;;;;;Gombrowicz;;
Ґамо́ра;;;;;;Gomorrah;;
Ґамсаху́рдзія;;;;;;;;
Ґаму́лка;;;;;;Gomułka;;
Ґа́на;;;;;;;;
Ґанґ;;;;;;Ganges;;
Ґа́ндзі;;;;;;Gandhi;;
Ґанку́р;;;;;;Goncourt;;
Ґао́н;;;-на;;;;;
Ґа́ры;;;;;;Gar(r)y;;
Ґарыба́льды;;;;;;Garibaldi;;
Ґаўдзі́;;;;;;Gaudí;;
Ґаўро́ш;;;;;;Gavroche;;
Ґацье́;;;;;;Gautier;;
Ґашто́льд;;;-да;;;;;
Ґвадэлю́па;;;;;;;;
Ґваньі́ні;;;;;;Guagnini;;
Ґватэма́ла;;;;;;Guatemala;;
Ґвінэ́я;;;;;;Guinée;;
Ґвія́на;;;;;;Guyana;;
Ґда́нск;;;;;;Gdańsk;;
ґда́нскі;;;;;;Ґда́нск;;
Ґды́ня;;;;;;Gdynia;;
Ґева́ра;Чэ Ґева́ра;;;;;Guevara;;
Ґе́дґаўд;;;;;;;;
Ґедро́йць;;;;;;;;
Ґедымі́н;;;;;;;;
ґедымі́навічы;;;;;;;;
ґедыміня́ты;;;;;;;;
Ґе́йнар;Ґе́йнар Ґлё́рыя;;;;;Gaynor;;
Ґе́йштар;;;;;;Geysztor;;
Ґе́льнэр;;;;;;;;
Ґеранё́ны;;;;;;;;
Ґервя́ты;;;;;;;;
Ґерма́нія;;;;;Няме́ччына;;;
Ґе́рсіка;;;;;;;;
Ґе́рта;;;;;;Gerta;;
Ґертру́да;;;;;;Gertruda;;
Ґе́рхард;;;;;;Gerchard;;
Ґе́рэк;;;;;;Gierek;;
Ґё́тынґен;;;;;;Göttingen;;
Ґё́тэ;;;;;;Goethe;;
Ґібральта́р;;;;;;;;
Ґі́бсан;;;;;;Gibson;;
Ґіё́м;;;;;;Guillaume;;
Ґі́лбэрт;;;;;;Gilbert;;
Ґільґамэ́ш;;;;;;;;
Ґі́нзбурґ;;;;;;Ginsburg;;
Ґі́нсбэрґ;;;;;;Ginsberg;;
Ґі́нтарас;;;;;;Gintaras;;
Ґі́нтаўт;;;;;;;;
Ґі́нэс;;;;;;Guinness;;
Ґі́піюс;;;;;;;;
Ґі́ркантас;;;;;;Girkontas;;
Ґла́зґа;;;;;;Glasgow;;
Ґля́ўбіц;;;;;;Glaubitz;;
Ґо́лдынґ;;;;;;Golding;;
Ґо́льдман;;;;;;Goldmann;;
Ґо́льдэнбэрґ;;;;;;Goldenberg;;
Ґо́мэс;;;;;;Gomez;;
Ґо́рдымэр;;;;;;Gordimer;;
Ґо́тбэрґ;;;;;;Gottberg;;
Ґо́тлянд;;;;;;Gotland;;
Ґо́тфрыд;;;;;;Gottfried;;
Ґо́штаўт;;;;;;;;
Ґо́я;;;;;;Goya;;
Ґра́аль;;;;;;;;
Ґражы́на;;;;;;;;
Ґрамшы́;;;;;;Gramsci;;
Ґрана́да;;;;;;Granada;;
Ґрандэ́;;;;;;Grandet;;
Ґранд-Каньё́н;;;;;;Grand Canyon;;
Ґрас;Ґю́нтар Ґрас;;;;;Grass;;
Ґру́бэр;;;;;;;;
Ґру́нвальд;;;;;;Grünwald;;
Ґрыґ;;;;;;Grieg;;
Ґрын;;;;;;Green(e);;
Ґрынаўэ́й;;;;;;Greenaway;;
Ґры́нвіч;;;;;;Greenwich;;
Ґры́нвуд;;;;;;Greenwood;;
Ґрынпі́с;;;;;;Greenpeace;;
Ґрэґ;;;;;;Greg;;
Ґрэ́ґар;;;;;;Gregor;;
Ґрэ́ймас;;;;;;Greimas;;
Ґрэнля́ндыя;;;;;;;;
Ґрэно́баль;;;;;;Grenoble;;
Ґуґенга́йм;;;;;;Guggenheim;;
Ґуда́вічус;;;;;;Gudavičius;;
Ґудэрыя́н;;;;;;Guderian;;
Ґулівэ́р;;;;;;Gulliver;;
Ґуно́;;;;;;Gounod;;
Ґу́нтыс;;;;;;Guntis;;
Ґу́сман;;;;;;Guzman;;
Ґутэнбэ́рґ;;;;;;Gutenberg;;
Ґуця́вічус;;;;;;Gucevičius;;
Ґю́нтэр;;;;;;Günther;;
Дабраве́сьце;;;;;;;;
Дабраве́шчаньне;;;;;;;;
Дабраво́льскі;;;;;;;;
Дабралю́баў;;;;;;;;
Дабужы́нскі;;;;;;;;
Даві́д;;;;;;;;
Давідзю́к;;;;;;;;
Давы́д;;;;;;;;
Давы́д-Гарадо́к;;;;;;;;
Дагеста́н;;;;;;Dağistan;;
Даґерма́н;;;;;;Dagerman;;
Дажбо́г;;;;;;;;
Дайне́ка;;;;;;;;
Далгару́кі;;;;;;;;
Далідо́віч;;;;;;;;
Дама́нава;;;;;;;;
Дама́навічы;;;;;;;;
Дама́нскі;;;;;;;;
Дама́ск;;;;;;Dimašq;;
Дамашэ́віч;;;;;;;;
Дамбро́ўскі;;;;;;;;
Да́мель;;;;;;;;
Даміні́к;;;;;;;;
Дане́йка;;;-кі, <i>ДМ</i> <i>м.</i> -ку / <i>ж.</i> -цы;;;;;
Дане́цк;;;-ку;;;;;
Данідзэ́ці;;;;;;Donizetti;;
Дані́ла;;;;;;;;
Даніло́віч;;;;;;;;
Даніцэ́ці;;;;;Данідзэ́ці;;;
Да́нія;;;;;;;;
Да́нтэ;;;;;;Dante;;
Дану́ся;;;;;;;;
Дану́та;;;;;;;;
Да́нцыґ;;;;;;Danzig;;
Да́нчык;;;;;;;;
Даняла́йціс;;;;;;Donelaitis;;
Дарагабу́ж;;;;;;;;
Дарашке́віч;;;;;;;;
Да́рвін;;;;;;Darwin;;
Дарданэ́лы;;;;;;;;
Да́рніца;;;;;;;;
Да́рскі;;;;;;;;
Да́рыюс;;;;;;Darius;;
Да́рэл;;;;;;;;
Дастае́ўскі;;;;;;;;
Даўгабро́дзкая;вуліца;;;;;;;
Даўгі́наў;;;;;;;;
Даўґя́ла;;;;;;;;
Да́ўкантас;;;;;;Daukantas;;
Даўкша́;;;;;;Daukša;;
Даўна́р-Запо́льскі;;;;;;;;
Да́ўнінґ-стрыт;;;;;;Downing Street;;
Даўні́с;;;Даўніса́;;;Daunys;;
Дашке́віч;;;;;;;;
Дашу́к;;;-ка́;;;;;
Дая́на;;;;;;Diana;;
Дварча́нін;;;;;;;;
Джава́ні;;;;;;Giovanni;;
Джа́кама;;;;;;Giacomo;;
Джако́ба;;;;;;Giacobo;;
Джако́нда;;;;;;Gioconda;;
Джалі́ль;;;;;;;;
Джанбаты́ста;;;;;;Gianbattista;;
Джано́ці;;;;;;Gianotti;;
Джарда́на;;;;;;Giordano;;
Джаха́р;;;;;;;;
Джо;;;;;;Joe;;
Джоа́н;;;;;;Joan;;
Джо́зэф;;;;;;Joseph;;
Джойс;;;;;;Joyce;;
Джон;;;;;;John;;
Джо́натан;;;;;;Jonathan;;
Джо́ні;;;;;;Johny;;
Джо́нсан;;;;;;Johnson;;
Джордж;;;;;;George;;
Джо́рджыя;;;;;;Georgia;;
Джоўнс;;;;;;Jones;;
Джугашві́лі;;;;;;;;
Джузэ́пэ;;;;;;Guiseppe;;
Джу́ліян;;;;;;Julian;;
Джулье́та;;;;;;Giuglietta, Juliet;;
Джэ́йкаб;;;;;;Jacob;;
Джэймс;;;;;;James;;
Джэйн;;;;;;Jane;;
Джэк;;;;;;Jack;;
Джэ́ксан;;;;;;Jackson;;
Джэм;;;;;;Jam;;
Джэ́ніфэр;;;;;;Jennifer;;
Джэ́нкінс;;;;;;Jenkins;;
Джэ́ралд;;;;;;Gerald;;
Джэра́рд;;;;;;Gerard;;
Джэ́ры;;;;;;Jerry;;
Джэ́фры;;;;;;Jeffrey;;
Джэ́фэрсан;;;;;;Jefferson;;
Дзе́йка;;;-кі, <i>ДМ</i> <i>м.</i> -ку / <i>ж.</i> -цы;;;;;
Дзелянко́ўскі;;;;;;;;
Дземідо́віч;;;;;;;;
Дземянце́й;;;<i>М</i> -це́ю;;;;;
Дзеружы́нскі;;;;;;;;
Дзідро́;;;;;;Diderot;;
Дзіка́нька;;;;;;;;
Дзімі́траў;;;;;;;;
Дзі́мка;;;;;;;;
Дзі́на;;;;;;;;
Дзісна́;;;;;;;;
Дзітва́;;;;;;;;
Дзьвіна́;;;;;;;;
Дзьві́нск;;;;;;;;
Дзьмі́тры;;;;;;;;
Дзюбэле́;;;;;;du Bellay;;
Дзюймо́вачка;;;;;;;;
Дзюма́;;;;;;Dumas;;
Дзюрэнма́т;;;;;;Dürrenmatt;;
Дзю́рэр;;;;;;Dürer;;
Дзю́сбурґ;;;;;;Duisburg;;
Дзюсэльдо́рф;;;;;;Düsseldorf;;
Дзяды́;;;;;;;;
Дзям’я́н;;;;;;;;
Дзяні́с;;;;;;;;
Дзярга́й;;;;;;;;
Дзяржы́нск;;;;;;;;
Дзяржы́нскі;;;;;;;;
Дзярэ́чын;;;;;;;;
Дзя́тлава;;;;;;;;
Длу́ґаш;;;;;;Długosz;;
Дмахо́ўскі;;;;;;;;
Дмо́ўскі;;;;;;Dmowski;;
Днепрагэ́с;;;-су;;;;;
Дняпро́;;;-пра́, <i>М</i> -пры́;;;;;
До́бруш;;;;;;;;
Дойл;Ко́нан Дойл;;;;;Doyle;;
До́кшыцы;;;;;;;;
До́льны;;;;;;;;
Дон;;;;;;;;
До́нальд;;;;;;Donald;;
До́нэґал;;;;;;Donegal;;
До́ркфулфт;;;;;;Dorkfulft;;
До́ртмунд;;;;;;Dortmund;;
До́ўбар-Мусьні́цкі;;;;;;Dowbór-Muśnicki;;
Доўск;;;;;;;;
Дра́віч;;;;;;Drawicz;;
Драгаве́ц;;;;;;;;
Драгама́наў;;;;;;;;
Драгі́чын;;;;;;;;
Драгі́чыншчына;;;;;;;;
Драгі́чын-Падля́скі;;;;;;;;
Дразда́ўскас;;;;;;Drazdauskas;;
Драздо́віч;;;;;;;;
Драздо́ўскі-Шпако́ўскі;;;;;;;;
Дра́йзэр;;;;;;Draiser;;
Драку́ла;;;;;;Dracula;;
Дранчу́к;;;;;;;;
Дранько́-Майсю́к;;;;;;;;
Дру́йка;;;;;;;;
Друске́нікі;;;;;;;;
Друцк;;;;;;;;
Друць;;;;;;;;
Дру́я;;;;;;;;
Дрыне́ўскі;;;;;;;;
Дры́са;;;;;;;;
Дры́сеншчына;;;;;;;;
Дрысьвя́ты;;;;;;;;
Дрэ́здэн;;;;;;Dresden;;
Дрэ́ма;;;;;;Drėma;;
Дубе́йкаўскі;;;;;;;;
Дубі́нскі;;;;;;;;
Дубі́цкі;;;;;;;;
Дубко́;;;;;;;;
Ду́блін;;;;;;Dublin;;
Дубо́ўка;;;<i>М</i> аб Дубо́ўку;;;;;
Дубро́ўскі;;;;;;;;
Дубя́га;;;;;;;;
Дубяне́цкі;;;;;;;;
Ду́вар;;;;;;Dover;;
Ду́гін;;;;;;;;
Ду́ґлас;;;;;;Douglas;;
Дуда́еў;;;;;;;;
Дуда́ліч;;;;;;;;
Дуда́р;;;;;;;;
Ду́дараў;;;;;;;;
Дудзі́наў;;;;;;;;
Дудзі́цкі;;;;;;;;
Дудке́віч;;;;;;;;
Дуж-Душэ́ўскі;;;;;;;;
Ду́йзбурґ;;;;;;Duisburg;;
Дуко́ра;;;;;;;;
Дульсынэ́я;;;;;;Dulcinea;;
Ду́мін;;;;;;;;
Дуна́й;;;;;;;;
Дуні́лавічы;;;;;;;;
Ду́нін-Марцінке́віч;;;;;;;;
Дурэ́йка;;;;;;;;
Ду́сбурґ;;;;;;Dusburg;;
Дуўр;;;;;Ду́вар;;;
Ду́чыц;;;;;;;;
Ду́чэ;;;;;;Duce;;
Душанбэ́;;;;;;;;
Дыбо́ўскі;;;;;;;;
Ды́кенс;;;;;;Dickens;;
Ды́ксан;;;;;;;;
Ды́ла;;;<i>М</i> аб Ды́лу;;;;;
Ды́лан;;;;;;Dylan;;
Дынабу́рґ;;;;;;;;
Ды́нґлі;;;;;;Dingley;;
Дынько́;;;;;;;;
Дыснэйлэ́нд;;;;;;Disneyland;;
Дышле́віч;;;;;;;;
Дыяґе́н;;;;;;Diogenēs;;
Дыяні́с;;;;;;Dionysus;;
Дэбюсі́;;;;;;Debussy;;
Дэґа́;;;;;;Degas;;
Дэ́йвід;;;;;;David;;
Дэ́йвідсан;;;;;;Davidson;;
Дэ́йвіс;;;;;;Davies;;
Дэкамэро́н;;;;;;;;
Дэка́рт;;;;;;Descartes;;
Дэ́лавэр;;;;;;Delaware;;
Дэлякруа́;;;;;;Delacroix;;
Дэмастэ́н;;;;;;Dēmosthenēs;;
Дэ́нвэр;;;;;;Denver;;
Дэнё́ў;;;;;;Deneuve;;
Дэ́ніэл;;;;;;Daniel;;
Дэрпт;;;;;;Derpt;;
Дэрыда́;;;;;;;;
Дэ́рэк;;;;;;;;
Дэ́ўлін;;;;;;Devlin;;
Дэфо́;;;;;;Defoe;;
Д’Ану́нцыё;;;;;;D’Anaunzio;;
д’Арк;Жа́на д’Арк;;;;;d’Arc;;
д’Артанья́н;;;;;;d’Artagnan;;
Е́ва;;;Е́вы, <i>М</i> Е́ве, <i>чый:</i> Е́він;;;;;
Е́жы;;;;;;Jerzy;;
Езаві́таў;;;;;;;;
Е́зус;;;;;;;;
Езэкіі́ль;;<i>прав.</i>;;Эзэкіэ́ль;;;;
Ейтс;;;;;;Yeats;;
Екіма́нь;;;;;;;;
Елінэ́к;;;;;;Jelinek;;
Елісе́еў;;;;;;;;
Е́льня;;;;;;;;
Ельск;;;;;;;;
Е́льскі;;;;;;;;
Е́льцын;;;<i>Т</i> -нам;;;;;
Емялья́н;;;;;;;;
Емялья́нчык;;;;;;;;
Енісе́йск;;;;;;;;
Ерані́м;;;;;;;;
Ерафее́ў;;;;;;;;
Ерафе́й;;;;;;;;
Ермала́еў;;;;;;;;
Ермалко́віч;;;;;;;;
Ермало́віч;;;;;;;;
Ермачэ́нка;;;;;;;;
Ерусалі́м;;;;;;;;
Е́рын;;;;;;;;
Ерэва́н;;;;;;;;
Ерэмі́я;;;;;;;;
Е́твязь;;;;;;;;
Еўдакі́м;;;;;;;;
Еўдакі́маў;;;;;;;;
Еўдакі́я;;;;;;;;
Е́ўе;;;;;;;;
Еўлашо́ўскі;;;;;;;;
Ефіме́нка;;;;;;;;
Ё́віца;;;;;;Jovica;;
Ё́ган;;;;;;Johann;;
Ёга́нэс;;;;;;Johannes;;
Ё́зэф;;;;;;Josef;;
Ёкага́ма;;;;;;Yokohama;;
Ём-Кіпу́р;;;;;;;;
Ё́нас;;;;;;Jonas;;
Ёнэ́ско;;;;;;Ionesco;;
Ё́рк;;;;;;York;;
Ё́сель;;;;;;;;
Ё́сіп;;;;;;;;
Жаашэ́н;;;-на, <i>М</i> -ну, <i>чый:</i> Жаашэ́наў;;;Joachim;;
Жа́бінка;;;-нкі, <i>М</i> -нцы;;;;;
Жабро́ўскі;;;-скага, <i>М</i> -скім;;;;;
Жазэ́ф;;;<i>чый:</i> Жазэ́фаў;;;Joseph;;
Жаке́віч;;;-ча, <i>М</i> -чу, <i>чый:</i> Жаке́вічаў;;;;;
Жаліґо́ўскі;;;;;;Żeligowski;;
Жалудо́к;;;;;;;;
Жа́льґірыс;;;;;;Žalgiris;;
Жама́йце;;;;;;Žemaitė;;
Жамо́йцін;;;;;;;;
Жамо́йць;;;;;;;;
Жан-Мары́;;;;;;Jean-Marie;;
Жан-Франсуа́;;;;;;Jean-François;;
Жарко́;;;;;;;;
Жарко́ўскі;;;;;;;;
Жарнасе́к;;;;;;;;
Жарсьцьвя́нка;;;;;;;;
Жарэ́с;;;;;;Jaurès;;
Жда́наў;;;;;;;;
Ждано́віч;;;;;;;;
Жло́бін;;;;;;;;
Жмудзь;;;-дзі;;;;;
Жмуйдзіна́вічус;;;;;;Žmuidinavičius;;
Жо́дзіна;;;;;;;;
Жо́дзішкі;;;;;;;;
Жорж;;;;;;Georges;;
Жуко́ўскі;;;;;;;;
Жук-Грышке́віч;;;;;;;;
Жуль;;;;;;Jules;;
Жыва́га;;;;;;;;
Жыґімо́нт;;;;;;;;
Жыдлі́цкі;;;;;;;;
Жыдо́вічы;;;;;;;;
Жы́жка;;;;;;Žižka;;
Жызьне́ўскі;;;;;;;;
Жыле́нене;;;;;;Žilėnienė;;
Жылібэ́р;;;;;;Gilibert;;
Жы́лін;;;;;;;;
Жы́лка;;;;;;;;
Жылуно́віч;;;;;;;;
Жыро́вічы;;;;;;;;
Жырыно́ўскі;;;;;;;;
Жыска́р;;;;;;Giscard;;
Жы́ткавічы;;;-чаў;;;;;
Жы́тнік;;;;;;;;
жыто́мірскі;;;;;;;;
Жыто́міршчына;;;;;;;;
Жэнэ́ва;<i>м.</i> у Швэйцарыі;;;;;Genève;;
Забэ́йда-Сумі́цкі;;;;;;;;
Зава́льная;вуліца;;;;;;;
Завальню́к;;;;;;;;
Зава́льня;;;;;;;;
Завісто́віч;;;;;;;;
Заві́ша;;;;;;;;
Загару́льскі;;;;;;;;
За́ґраб;;;;;;Zagreb;;
Задзьві́ньне;;;;;;;;
Задуна́ўе;;;;;;;;
Заі́р;;;;;;Zaïre;;
Зайко́ўскі;;;;;;;;
Закапа́нэ;;;;;;Zakopane;;
Закарпа́цьце;;;;;;;;
Закаўка́зьзе;;;;;;;;
Закрэ́т;;;-ту;;;;;
Залама́й;;;;;;;;
Зале́сьсе;;;;;;;;
За́льцбурґ;;;-ґу;;;Salzburg;;
Замо́цін;;;;;;;;
За́мэнгоф;;;-фа;;;Zamenhof;;
Зан;Тама́ш Зан;;;;;;;
Занзыба́р;;;;;;Zanzibar;;
Зану́сі;;;;;;Zanussi;;
Запаля́р’е;;;;;;;;
Запаро́жжа;;;;;;;;
Запру́дзкі;;;;;;;;
Запру́днік;;;;;;;;
За́пусты;;;;;;;;
Зарату́стра;;;;;;Zarathustra;;
Зарэ́мба;;;;;;;;
Зарэ́цкі;;;;;;;;
Зарэ́чча;;;<i>М</i> -ччы;;;;;
Засла́ўе;;;;;;;;
Заха́ранка;;;;;;;;
Заха́раў;;;;;;;;
Захарэ́віч;;;;;;;;
Збаро́ўскі;;;;;;;;
Збру́еў;;;;;;;;
Зво́нак;;;;;;;;
Зданко́віч;;;;;;;;
Земаві́т;;;;;;Ziemowit;;
Зі́ґмас;;;;;;Zigmas;;
Зіедо́ніс;;;;;;Ziedonis;;
Зінаі́да;;;;;;;;
Зінкя́вічус;;;;;;Zinkevičius;;
Зо́ра;;;;;;;;
Зо́ська;;;Зо́сьчын;;;;;
Зо́ся;;;Зо́сін;;;;;
Зо́ф’я;;;;;;;;
Зо́шчанка;;;;;;;;
Зо́я;;;;;;;;
Зуё́нак;;;;;;;;
Зы́ґмунд;;;;;;Siegmund;;
Зы́ґмунт;;;;;;Zygmunt;;
Зы́ґфрыд;;;;;;Siegfried;;
Зымба́бвэ;;;;;;Zimbabwe;;
Зьбі́ґнеў;;;;;;Zbigniew;;
Зьвяры́нец;;;;;;;;
Зьдзе́шчыц;;;;;;;;
Зьдзі́слаў;;;;;;Zdzisław;;
Зьмітро́к;;;Зьмітрака́;;;;;
Зьмі́цер;;;Зьмі́тра;;;;;
Зэ́льва;;;;;;;;
Зэля́ндыя;;;;;;;;
Зэўс;;;;;;;;
Зюга́наў;;;;;;Зюганов;;
Зю́скінд;;;;;;Süßkind;;
Зяно́н;;;;;;;;
І́бсэн;;;;;;Ibsen;;
Ібэ́рыя;;;;;;;;
І́ва;;;;;;Ivo;;
Іва́н;;;;;;;;
Іванаўска́йтэ;;;;;;Ivanauskaitė;;
Івана́ўскас;;;;;;Ivanauskas;;
Івано́ў;;;;;;;;
Івано́ўскі;;;;;;;;
Іва́нушка-дурачо́к;;;Іва́нушкі-дурачка́;;;;;
Іва́нька;;;;;;;;
Івацэ́вічы;;;;;;;;
Іва́шка;;;;;;;;
Івашке́віч;;;;;;;;
І́верс;;;;;;;;
Іво́на;;;;;;;;
Івя́нка;;;;;;;;
І́гар;;;;;;;;
Ігналі́на;;;;;;;;
Ігна́т;;;;;;;;
Ігнато́ўскі;;;;;;;;
Ігнаце́нка;;;;;;;;
Іегу́да;;;;;Егуда́;;;
Іерамі́я;;;;;Ерамі́я;;;
Іё́на;;;;;Ё́на;;;
Іжо́та;;;;;;;;
Ізабэ́ла;;;;;;;;
Ізра́іль;;;;;;;;
Ізра́йлеў;;;;;;;;
Ізыдо́р;;;;;;;;
Ізясла́ў;;;;;;;;
Іларыё́н;;;;;;;;
Іліно́й;;;;;;Illinois;;
Ілія́да;;;;;;;;
Ільлі́нскі;;;;;;;;
Ільлі́ч;;;;;;;;
Ільля́;;;;;;;;
Ільляшэ́віч;;;;;;;;
І́мант;;;;;;Imants;;
Імануі́л;;;;;;;;
Інаке́нці;;;;;;;;
Інгушэ́тыя;;;;;;;;
Інґебо́рґа;;;;;;Ingeborga;;
І́нґмар;;;;;;Ingmar;;
Індакіта́й;;;;;;;;
Інданэ́зія;;;;;;;;
І́ндыя;;;;;;;;
І́нсбрук;;;;;;Innsbruck;;
Інтэраўтатра́нс;;;;;;;;
Інфа́рктэн-штра́сэ;;;;;;;;
Інфля́нты;;;;;;;;
Іо́сіф;;;;;;;;
Іпа́цеўскі;;;;;;;;
Іпа́ці;;;;;;;;
І́рад;;;;;;;;
Ірадыя́да;;;;;;;;
Іра́к;;;;;;;;
Іра́н;;;;;;;;
І́рвінґ;;;;;;Irving;;
Ірку́цк;;;;;;;;
Ірля́ндшчына;;;;;;;;
Ірля́ндыя;;;;;;;;
Іры́на;;;;;;;;
Ірэ́на;;;;;;;;
Іса́;;;;;;;;
Іса́к;;;;;;;;
Іса́я;;;;;;;;
Іскандэ́р;;;;;;;;
І́слач;;;;;;;;
Ісмаі́л;;;;;;;;
Іспа́нія;;;;;Гішпа́нія;;;
І́ствуд;;;;;;Eastwood;;
Ісу́с;;;;;;;;
Ісы́к-Куль;;;;;;;;
Ісьля́ндыя;;;;;;;;
Іта́ка;;;;;;Ithaca;;
Іта́лія;;;;;;;;
І́ўе;;;;;;;;
І́ўлін;;;;;;;;
І́цка;;;;;;;;
Іцха́к;;;;;;;;
Ічке́рыя;;;;;;;;
Кабарда́;;;;;;;;
Кабарды́на-Балка́рыя;;;;;;;;
Кабзо́н;;;;;;;;
Кабы́льнік;;;;;;;;
Кавале́нка;;;;;;;;
Кавале́ўскі;;;;;;;;
Кавалё́ў;;;;;;;;
Кавальчу́к;;;;;;;;
Кава́фіс;;;;;;Kavafis;;
Кагано́віч;;;;;;;;
Кажа́н-Гарадо́к;;;;;;;;
Казано́ва;;;;;;;;
Каза́нь;;;;;;;;
Казахста́н;;;;;;;;
Ка́зік;;;;;;;;
Казіме́р;;;;;;;;
Казло́ўскі;;;;;;;;
Казусё́нак;;;;;;;;
Казы́ра;;;;;;;;
Казьбяру́к;;;;;;;;
Казько́;;;;;;;;
Казю́к;;;;;;;;
Ка́ін;;;;;;;;
Каі́р;;;;;;Al-Qāhira;;
Кайры́с;;;;;;Kairys;;
Калайдо́віч;;;;;;;;
Каламы́я;;;;;;;;
Кала́шнікаў;;;<i>Т</i> -кавам;;;;;
Кале́сьнік;;;;;;;;
Калі́ґула;;;;;;Caligula;;
Калізэ́й;;;;;;Colosseum;;
Калі́нін;;;<i>Т</i> -нінам;;;;;
Калінінгра́д;;;;;Карале́вец;;;
Каліно́ўскі;;;;;;;;
Каліфо́рнія;;;;;;California;;
Калмы́кія;;;;;;;;
Ка́лнін;;;;;;;;
Кало́дзішчы;;;;;;;;
Кало́жа;;;;;;;;
Калубо́віч;;;;;;;;
Калу́га;;;;;;;;
Калхі́да;;;;;;;;
Калыма́;;;;;;;;
Кальва́рыя;;;;;;;;
Ка́львін;;;;;;Calvin;;
Ка́льман;;;;;;Kálmán;;
Калю́мб;;;;;;Columbus;;
Калю́мбія;;;;;;Colombia;;
Калю́та;;;;;;;;
Калядзі́нскі;;;;;;;;
Каля́ды;;;;;;;;
Ка́ма;;;;;;;;
Камаґе́на;;;;;;Commagene;;
Кама́й;;;;;;;;
Камаро́ўка;;;;;;;;
Камаро́ўскі;;;;;;;;
Ка́масу́тра;;;;;;Kāmasūtra;;
Камбо́джа;;;;;;;;
Каме́йша;;;;;;;;
Камі́ла;;;;;;;;
Камі́нскі;;;;;;;;
Камінтэ́рн;;;-ну;;;;;
Камо́цкі;;;;;;;;
Камуна́рка;;;;;;;;
Камча́тка;;;;;;;;
Камэру́н;;;;;;;;
Камю́;;;;;;Camus;;
Камяне́ц;;;;;;;;
Канава́лаў;;;;;;;;
Кана́да;;;;;;;;
Канапа́цкі;;;;;;;;
Кана́рскі;;;;;;;;
Канве́лішкі;;;;;;;;
Канві́цкі;;;;;;;;
Кандапо́га;;;;;;Kontupohja;;
Кандзі́нскі;;;;;;;;
Кандра́т;;;;;;;;
Кандра́цьеў;;;;;;;;
Кандыбо́віч;;;;;;;;
Кані́скі;;;;;;;;
Канкі́ста;;;;;;;;
Кано́віч;;;;;;;;
Канстантыно́паль;;;;;;;;
Канстанці́н;;;;Канстанты́н;;;;
Канста́нцыя;;;;;;;;
Канта́біле;;;;;;;;
Кантаро́віч;;;;;;;;
Канфу́цый;;;;;;Confucius, Kǒng Fūzǐ;;
Канчэ́ўскі;;;;;;;;
Ка́ны;;;;;;Cannes;;
Канэ́тыкат;;;;;;Connecticut;;
Капіе́віч;;;;;;;;
Капсу́кас;;;;;;Kapsukas;;
Капцэ́віч;;;;;;;;
Капы́ль;;;;;;;;
Капы́льшчына;;;;;;;;
Капэнга́ґен;;;;;;København;;
Капэ́рнік;;;;;;;;
Караба́х;;;;;;;;
Караба́ч;;;;;;;;
Караі́бы;;;;;;;;
Карале́вец;;;;;;;;
Карале́ўшчына;;;;;;;;
Каралі́на;;;;;;;;
Карама́заў;;;;;;;;
Карамзі́н;;;;;;;;
Кара́н;;;-ну;;;;;
Карастая́нава;;;;;;;;
Каратке́віч;;;;;;;;
Караты́нскі;;;;;;;;
Карая́н;;;;;;Karajan;;
Карго́та;;;;;;;;
Кардэ́н;;;;;;Cardin;;
Карл;;;;;;Karl;;
Ка́рлас;;;;;;Carlos;;
Карло́віч;;;;;;;;
Ка́рлсан;;;;;;Karlsson;;
Карлсба́д;;;;;;Karlabad;;
Карма́;;;;;;;;
Кармэ́ль;;;;;;Carmel;;
Кармэ́н;;;;;;Carmen;;
Карназы́цкі;;;;;;;;
Карніло́віч;;;;;;;;
Карпа́ты;;;;;;;;
Ка́рпаў;;;;;;;;
Карпе́нка;;;;;;;;
Карпо́віч;;;;;;;;
Ка́рпэнтэр;;;;;;Carpenter;;
Карпю́к;;;;;;;;
Карса́він;;;;;;;;
Ка́рскі;;;;;;;;
Карта́сар;;;;;;Cortázar;;
Карташо́ў;;;;;;;;
Карту́з-Бяро́за;;;;;;;;
Картэ́с;;;;;;;;
Кару́за;;;;;;Caruso;;
Карчэ́ўскі;;;;;;;;
Кары́зна;;;;;;;;
Карэ́лічы;;;;;;;;
Карэ́лія;;;;;;;;
Карэ́я;;;;;;;;
Касако́ўскі;;;;;;;;
Касмо́віч;;;;;;;;
Ка́спар;;;;;;Caspar, Kaspar;;
Кастама́раў;;;;;;;;
Кастанэ́да;;;;;;Castaneda;;
Кастраві́цкі;;;;;;;;
Касту́сь;;;;;;;;
Касты́лія;;;;;;Castilla;;
Касько́;;;;;;;;
Ка́сьпій;;;;;;;;
Касьпяро́віч;;;;;;;;
Касьцё́л;;;-лу;;;;;
Касьцю́к;;;;;;;;
Касьцюке́віч;;;;;;;;
Касьцю́шка;;;;;;;;
Ка́ся;;;;;;;;
Катаві́цы;;;;;;Katowice;;
Каталё́нія;;;;;;;;
Катары́на;;;;;;;;
Катло́ўка;;;;;;;;
Кату́л;;;;;;Catullus;;
Каты́нь;;;;;;;;
Каўка́з;;;;;;;;
Ка́ўнас;;;;;Ко́ўна;;;
Каўру́с;;;;;;;;
Ка́ўфман;;;;;;Kaufmann;;
Каўша́нка;;;;;;;;
Ка́фка;;;;;;Kafka;;
Кахано́ўскі;;;;;;;;
Каха́нэ;;;;;;Kahane;;
Кахо́ўскі;;;;;;;;
Кац;;;;;;;;
Кацігаро́шак;;;;;;;;
Каці́люс;;;;;;Katilius;;
Ка́цька;;;;;;;;
Кацюбі́нскі;;;;;;;;
Кацюшэ́нка;;;;;;;;
Ка́ця;;;;;;;;
Кацяры́на;;;;;;;;
Качатко́ва;;;;;;;;
Кашкурэ́віч;;;;;;;;
Кашпіро́ўскі;;;;;;;;
Каэта́н;;;;;;;;
Каяло́віч;;;;;;;;
Квазімо́да;;;;;;Quasimodo;;
Квасьне́ўскі;;;;;;;;
Квэбэ́к;;;;;;Québec;;
Квятко́ўскі;;;;;;;;
Ке́біч;;;;;;;;
Кежґа́йла;;;;;;;;
Ке́мбрыдж;;;;;;Cambridge;;
Ке́на;;;;;;;;
Ке́нія;;;;;;;;
Ке́нэдзі;;;;;;Kennedy;;
Ке́ранскі;;;;;;;;
Ке́стнэр;;;;;;Kestner;;
Кёльн;;;;;;Köln;;
Кёніґга́ймэр;;;;;;Königheimer;;
Кё́ніґсбэрґ;;;;;;Königsberg;;
Кёно́;Раймо́н Кёно́;;;;;Queneau;;
Кі́еў;;;;;;;;
Кі́еўшчына;;;;;;;;
Кізьля́р;;;;;;;;
Кі́лмэйнгэм;;;;;;Kilmainham;;
Кінґ;;;;;;King;;
Кі́пель;;;;;;;;
Кі́плінґ;;;;;;Kipling;;
Кіпр;;;;;;;;
Кі́прас;;;;;;Kipras;;
Кіпрэ́нскі;;;;;;;;
Кірґі́зія;;;;;;;;
Кірко́р;;;;;;;;
Кіркпа́трык;;;;;;Kirkpatrick;;
Кірхго́льм;;;;;;Kirchholm;;
Кірхенштэ́йн;;;;;;Kirchenstein;;
Кіры́л;;;;;;;;
Кіры́ла;;;;;;;;
Кі́сынджэр;;;;;;Kissinger;;
Кіта́б;;;;;;;;
Кіта́еў;;;;;;;;
Кіта́й;;;;;;;;
Кітс;;;;;;Keats;;
Кішынё́ў;;;;;;;;
Кла́ва;;;;;;;;
Кла́йпеда;;;;;;Klaipėda;;
Кланда́йк;;;;;;;;
Кларк;;;;;;Clark;;
Кла́ўдзі;;;;;;;;
Клаўс;;;;;;Claus;;
Клеапа́тра;;;;;;Cleopatra;;
Клеафа́с;;;;;;Kleofas;;
Клейн;;;;;;;;
Кле́йнэр;;;;;;;;
Кле́мэнс;;;;;;Clemens;;
Кле́цак;;;Кле́цку;;;;;
Клёд;;;;;;Claude;;
Клёдэ́ль;;;;;;Claudel;;
Кліме́нт;;;;;;;;
Клімко́віч;;;;;;;;
Клімо́віч;;;;;;;;
Клімчу́к;;;;;;;;
Клі́нтан;;;;;;Clinton;;
Клі́о;;;;;;Clio;;
Клі́ўленд;;;;;;Cleveland;;
Клі́фард;;;;;;Clifford;;
Клі́чаў;;;;;;;;
Клішэ́віч;;;;;;;;
Ключэ́ўскі;;;;;;;;
Кмі́та-Чарнабы́льскі;;;;;;;;
Кня́жыцы;;;;;;;;
Ко́брынь;;;;;;;;
Ко́веншчына;;;;;;;;
Ко́йданава;;;;;;;;
Коль;;;;;;Kohl;;
Ко́нан;;;;;;;;
Ко́нґа;;;;;;;;
Ко́нрад;;;;;;Konrad;;
Ко́пысь;;;;;;;;
Ко́рнуэл;;;;;;Cornwall;;
Ко́рсак;;;;;;;;
Ко́рсыка;;;;;;Corsica;;
Ко́рчак;;;;;;Korczak;;
Ко́сава;;;;;;;;
Ко́саўшчына;;;;;;;;
Ко́стас;;;;;;Kostas;;
Ко́ўна;;;;;;;;
Коўш;;;;;;;;
Ко́хтла-Я́рве;;;;;;Kohtla-Järve;;
Кра́йсьлер;;;;;;;;
Кра́каў;;;;;;Kraków;;
Кра́мэр;;;;;;Kramer;;
Крамянчу́г;;;;;;;;
Краншта́т;;;;;;;;
Крапіўні́цкі;;;;;;;;
Крапо́ткін;;;;;;;;
Красла́ва;;;;;;Kraslava;;
Краснада́р;;;;;;;;
Краснапо́льле;;;;;;;;
Красто́ўскі;Усе́валад Красто́ўскі;;;;;;;
Кра́ўзэ;;;;;;;;
Краўцэ́віч;;;;;;;;
Кра́ўчанка;;;;;;;;
Краўчу́к;;;;;;;;
Крачэ́тнікаў;;;;;;;;
Крашэ́ўскі;;;;;;;;
Кро́мвэл;;;;;;Cromwell;;
Кру́за;Рабінзо́н Кру́за;;;;;Crusoe;;
Крутаго́р’е;;;;;;;;
Крывальцэ́віч;;;;;;;;
Кры́вія;;;;;;;;
Кры́вэ-Крывэ́йтэ;;;;;;;;
Крым;;;;;;;;
Кры́нкі;;;;;;;;
Крыстафо́р;;;;;;Christophore;;
Крысто́ф;;;;;;Christophe;;
Крысты́на;;;;;;Christine;;
Крыстыя́н;;;;;;Christian;;
Кры́сьці;Аґа́та Кры́сьці;;;;;Christie;;
Крыт;;;;;;;;
Кры́ўя;;;;;;;;
Кры́цкі;;;;;;;;
Кры́чаў;;;;;;;;
Кры́шна;;;;;;Kṛṣṇa;;
Крышнаму́рці;;;;;;Krishnamurti;;
Кры́штап;;;;;;;;
Крэ́ва;;;;;;;;
Крэ́мль;;;-мля́;;;;;
Крэ́тынґа;;;;;;Kretinga;;
крэ́ўскі;;;;;;Крэ́ва;;
Ксавэ́ры;;;;;;;;
Ксэнафа́н;;;;;;Xenophanēs;;
Ксэнафо́нт;;;;;;Xenophōn;;
Ку́ба;;;;;;;;
Куба́нь;;;;;;;;
Ку́бэ;;;;;;Kube;;
Кувэ́йт;;;;;;;;
Ку́даба;;;;;;Kudoba;;
Кудзі́рка;;;;;;Kudirka;;
Кудраве́ц;;;;;;;;
Кузьма́;;;;;;;;
Кузьняцо́ў;;;;;;;;
Кукаба́ка;;;;;;;;
Кукено́йс;;;;;;;;
Кулако́ўскі;;;;;;;;
Кулінко́віч;;;;;;;;
Ку́льбак;;;;;;;;
Куляшо́ў;;;;;;;;
Ку́ндэра;;;;;;Kundera;;
Кунцэ́віч;Язафа́т Кунцэ́віч;;;;;;;
Кунця́вічус;;;;;;Kuncevičius;;
Купа́ва;;;;;;;;
Купа́ла;;;;;;;;
Купа́льле;;;;;;;;
Купрэ́еў;;;;;;;;
Курамя́э;;;;;;Kuremäe;;
Курапа́ты;;;;;;;;
Курасо́ўшчына;;;;;;;;
Ку́рземе;;;;;;Kurzeme;;
Курля́ндыя;;;;;;;;
Кусто́дзіеў;;;;;;;;
Кусту́рыца;;;;;;Kusturica;;
Кутаі́сі;;;;;;;;
Куту́заў;;;;;;;;
Ку́хта;Марці́н Ку́хта;;;;;;;
Куце́йна;;;;;;;;
Ку́чма;;;;;;;;
Ку́шаль;;;;;;;;
Кушля́ны;;;;;;;;
Кэ́рал;;;;;;Carroll;;
Кэт;;;;;;Cat;;
К’е́ркеґор;;;;;;Kierkegaard;;
К’я́нці;;;;;;;;
Лаацзы́;;;;;;Lao Zi;;
Лава́рышкі;;;;;;;;
Лаго́йск;;;;;;;;
Лаго́йшчына;;;;;;;;
Ла́да-Забло́цкі;;;Ла́ды-Забло́цкага;;;;;
Ла́зар;;;;;;;;
Лазо́ўскі;;;;;;;;
Лалі́та;;;;;;;;
Ла́ндсберґіс;;;;;;Landsbergis;;
Лапі́нскене;;;;;;Lapinskienė;;
Лапі́нскі;;;;;;;;
Лапцё́нак;;;;;;;;
Лары́са;;;;;;;;
Ласо́сна;;;;;;;;
Ласто́ўскі;;;;;;;;
Лас-Вэ́ґас;;;;;;Las Vegas;;
Ла́твія;;;;;;;;
Латґа́лія;;;;;;;;
Лаўрэ́н;;;;;;;;
Ла́цыс;;;;;;;;
Леака́дзія;;;;;;;;
Леана́рд;;;;;;;;
Леана́рда;;;;;;;;
Леані́д;;;;;;;;
Леапо́льд;;;;;;;;
Ле́він;;;;;;;;
Ле́ві-Стро́с;;;;;;Levi-Strauss;;
Лежэ́;На́дзя Лежэ́;;;;;Léger;;
Ле́йбсан;;;;;;;;
Ле́йзэр;;;;;;;;
Ле́йтман;;;;;;;;
Ле́льчыцы;;;;;;;;
Ле́нін;;;-на, <i>Т</i> -нам, <i>М</i> -ну;;;;;
Ленінгра́д;;;;;;;;
Ле́нка;;;;;;;;
Ле́пель;;;;;;;;
Ле́пельшчына;;;;;;;;
Ле́рмантаў;;;;;;;;
Ле́сьмян;Балясла́ў Ле́сьмян;;;;;Leśmian;;
Летува́;;;;;;;;
Лех;;;;;;;;
Ле́цка;;;;;;;;
Лё́ва;;;;;;;;
Лё́дзя;;;;;;;;
Лё́зна;;;;;;;;
Лё́ля;;;;;;;;
Лё́ндан;;;;;;;;
Лё́нік;;;;;;;;
Лё́сік;;;;;;;;
Лё Карбюзье́;;;;;;Le Corbusier;;
Ліба́ва;;;;;;;;
Ліба́н;;;;;;;;
Лі́бія;;;;;;;;
Лі́бкнэхт;;;;;;Liebknecht;;
Лібэ́рыя;;;;;;;;
Ліво́нія;;;;;;;;
Лі́вэрпуль;;;;;;Liverpool;;
Лі́да;;;;;;;;
Лі́дчына;;;;;;;;
Ліепа́я;;;;;Ліба́ва;Liepaja;;
Ліё́н;;;;;;Lyon;;
Лі́за;;;;;;;;
Лізаве́та;;;;;;;;
Ліліента́ль;;;;;;Lilienthal;;
Лі́ма;;;;;;Lima;;
Лі́мбажы;;;;;;Limbaži;;
Лі́нда;;;;;;Linda;;
Лі́ндґрэн;;;;;;Lindgren;;
Лі́ндэнбэрґ;;;;;;Lindenberg;;
Лі́нкальн;;;;;;Lincoln;;
Лі́паўка;;;;;;;;
Літва́;;;;;;;;
Лі́тванька;;;;;;;;
Літуа́нія;;;;;;;;
Ліфля́ндыя;;;;;;;;
Лі́фшыц;;;;;;;;
Ліхачо́ў;;;;;;;;
Ліхтэнштэ́йн;;;;;;Liechtenstein;;
Лі́чфілд;;;;;;Lichfield;;
Ло́бан;;;;;;;;
Ло́бач;;;;;;;;
Лодзь;;;;;;Łódź;;
Ло́еў;;;;;;;;
Ло́зка;;;;;;;;
Ло́йка;;;;;;;;
Ло́мжа;;;;;;Łomża;;
Ло́рэнс;;;;;;Lawrence;;
Лос-А́нджэлас;;;;;;Los Angeles;;
Ло́тман;;;;;;;;
Ло́шыца;;;;;;;;
Лужа́нін;;;;;;;;
Лужкі́;;;;;;;;
Луі́за;;;;;;;;
Луізія́на;;;;;;Louisiana;;
Лу́іс;Лу́іс А́рмстранґ;;;;;Louis;;
Лу́кам’е;;;;;;;;
Лука́ш;;;;;;;;
Лукашу́к;;;;;;;;
Лукашэ́віч;;;;;;;;
Лукі́шкі;;;;;;;;
Лу́кша;;;;;;;;
Лукша́йце;;;;;;Lukšaitė;;
Лук’я́наў;;;;;;;;
Лунача́рскі;;;;;;;;
Лу́нінец;;;;;;;;
Лу́цак;;;;;;;;
Луцке́віч;;;;;;;;
Луцэ́віч;;;;;;;;
Лучано́к;;;;;;;;
Лы́нтупы;;;;;;;;
Лынько́ў;;;;;;;;
Лысаго́рскі;;;;;;;;
Лышчы́нскі;;;;;;;;
Львоў;;;;;;;;
Льво́ўшчына;;;;;;;;
Лю́ба;;;;;;;;
Лю́барт;;;;;;;;
Лю́блін;;;;;;Lublin;;
Любля́на;;;;;;Ljubljana;;
Лю́бча;;;;;;;;
Лювэ́н;;;;;;Louvain;;
Лю́да;;;;;;;;
Лю́дас;;;;;;Liudas;;
Лю́двіґ;;;;;;Ludwig;;
Лю́двік;;;;;;Ludwik;;
Людвіса́рская;вуліца;;;;;;;
Лю́дка;;;;;;;;
Людмі́ла;;;;;;;;
Людо́вік;;;;;;;;
Лю́дэндо́рф;;;;;;Ludendorf;;
Люі́;;;;;;Louis;;
Люі́джы;;;;;;Luigi;;
Люксэмбу́рґ;;;;;;;;
Люму́мба;;;;;;Lumumba;;
Лю́тэр;;;;;;Luther;;
Лютэра́нін;;;-на;;;;;
Люцыя́н;;;;;;;;
Лючы́я;;;;;;Lucia;;
Ляакао́н;;;;;;Laokoōn;;
Ляві́цкі;;;;;;;;
Ляво́н;;;;;;;;
Ляво́ніха;;;;;;;;
Ляво́нцьеў;;;;;;;;
Ляё́ла;Ігна́т Ляё́ла;;;;;Loyola;;
Ля́йбніц;;;;;;Leibniz;;
Ля́йпцыґ;;;;;;Leipzig;;
Ляле́вель;;;;;;Lelewel;;
Лянґба́рд;;;;;;;;
Ляндваро́ва;;;;;;;;
Ляпля́ндыя;;;;;;;;
Лярэ́н;Сафі́ Лярэ́н;;;;;Loren;;
Ляўко́ў;;;;;;;;
Ляфантэ́н;;;;;;Lafontaine;;
ля́хавіцкі;;;;;;Ля́хавічы;;
Ля́хавічы;;;;;;;;
Ля́хаўка;;;;;;;;
ля́хаўскі;;;;;;Ля́хаўка;;
Ляшко́віч;;;;;;;;
Маабі́т;;;;;;Moabit;;
Ма́астрыхт;;;-ту;;;Maastricht;;
Магада́н;;;;;;;;
Магілё́ў;;;;;;;;
Магілё́ўшчына;;;;;;;;
Магі́льна;;;;;;;;
Маґдале́на;;;;;;;;
Маґні́тка;;;;;;;;
Маґры́т;Рэнэ́ Магры́т;;;;;Magritte;;
Мадаґаска́р;;;;;;;;
Мадзале́ўскі;;;;;;;;
Мадле́н(а);;;;;;Madelaine;;
Мадры́д;;;;;;Madrid;;
Мадылья́ні;;;;;;Modigliani;;
Мажа́йск;;;;;;;;
Ма́жвідас;;;;;;Mažvydas;;
Мажэ́йка;;;;;;;;
Мазаве́цкі;;;;;;Mazowiecki;;
Маза́й;;;;;;;;
Мазамбі́к;;;;;;;;
Маздо́к;;;;;;;;
Мазы́р;;;;;;;;
Мазы́ршчына;;;;;;;;
Мазэ́па;;;;;;;;
Майк;;;;;;Mike;;
Майкл;;;;;;Michael;;
Майко́п;;;;;;;;
Маймані́д;;;;;;Maimonides;;
Майро́ніс;;;;;;Maironis;;
Майсе́й;;;;;;;;
Майхро́віч;;;;;;;;
Макаве́й;;;;;;;;
Макае́д;;;;;;;;
Макаё́нак;;;;;;;;
Мака́р;;;;;;;;
Мака́ртні;;;;;;McCartney;;
Ма́каўе;;;;;;;;
Ма́кбэт;;;;;;Macbeth;;
Макдо́налдс;;;;;;McDonalds;;
Македо́нія;;;;;;;;
Макіявэ́лі;;;;;;Machiavelli;;
Макмі́лін;;;;;;MacMillin;;
Мако́ўскі;;;;;;;;
Макс;;;;;;;;
Максі́м;;;;;;;;
Максімю́к;;;;;;;;
Максу́д;;;;;;;;
Максыміля́н;;;;;;;;
Маку́шнікаў;;;;;;;;
Маладэ́чна;;;;;;;;
Малары́та;;;;;;;;
Малда́вія;;;;;;;;
Малдо́ва;;;;;;;;
Мале́віч;;;;;;;;
Маліно́ўшчына;;;;;;;;
Ма́льбарк;;;;;;Malbork;;
Ма́льдзіс;;;;;;;;
Малье́р;;;;;;Molière;;
Ма́льта;;;;;;;;
Малярмэ́;;;;;;Mallarmé;;
Маля́хія;;;;;;;;
Мамардашві́лі;;;;;;;;
Мамо́ніч;;;;;;;;
Мамо́нька;;;;;;;;
Ма́мэрт;Рэ́ніер Ма́мэрт;;;;;;;
Мана́еў;;;;;;;;
Манама́х;;;;;;;;
Манбля́н;;;;;;Mont Blanc;;
Мангэ́тан;;;;;;Manhattan;;
Манґо́лія;;;;;;;;
Мандэ́ла;;;;;;Mandela;;
Мандэльшта́м;;;;;;;;
Ма́нечка;;;;;;;;
Ма́нізер;;;;;;;;
Манма́ртар;;;-тру;;;Montmartre;;
Манпарна́с;;;;;;Montparnasse;;
Манрэа́ль;;;;;;Montréal;;
Мансэра́т;;;;;;Montserrat;;
Мантэ́нь;;;;;;Montaigne;;
Мантэск’ё́;;;;;;Montesquieu;;
Ма́нфрэд;;;;;;Mannfred;;
Манчжу́рыя;;;;;;;;
Ма́нчэстэр;;;;;;Manchester;;
Манько́ўскі;;;;;;;;
Манэ́;;;;;;Manet, Monet;;
Ма́нэргейм;;;;;;Mannerheim;;
Маню́шка;;;;;;;;
Ма́ня;;;;;;;;
Ма́о;;;;;;Mao;;
Мапаса́н;;;;;;Maupassant;;
Ма́пэт-шо́ў;;;;;;Muppet Show;;
Мара́т;;;;;;;;
Ма́рачкін;;;;;;;;
Марашэ́ўскі;;;;;;;;
Ма́рбурґ;;;;;;Marburg;;
Марґары́та;;;;;;;;
Ма́рґарэт;;;;;;Margaret;;
Марзалю́к;;;;;;;;
Марк;;;;;;;;
Маркаве́ц;;;;;;;;
Ма́ркес;;;;;;Márquez;;
Маркс;;;;;;Marx;;
Марле́н;;;;;;Marlene;;
Марс;;;;;;;;
Марсэ́ль;;;;;;Marseille;;
Марты́н;;;;;;;;
Марфэ́й;;;;;;Morpheus;;
Марцінке́віч;;;;;;;;
Марцінкя́вічус;;;;;;Marcinkevičius;;
Ма́рыенбурґ;;;;;;Marienburg;;
Ма́рыё;;;;;;Mario;;
Мары́ля;;;;;;;;
Мары́на;;;;;;;;
Мары́я;;;;;;;;
Марыя́к;;;;;;Mauriac;;
Марыя́н;;;;;;;;
Ма́рэк;;;;;;;;
Мар’я́н;;;;;;;;
Ма́сарык;;;;;;Masaryk;;
Масква́;;;;;;;;
Маско́вія;;;;;;;;
Маско́ўшчына;;;;;;;;
Маснэ́;;;;;;Massenet;;
Мастаўля́ны;;;;;;;;
Масты́;;;;;;;;
Масха́даў;;;;;;;;
Масьці́шкі;;;;;;;;
Мато́ні;;;;;;Mattoni;;
Матузя́вічус;;;;;;Matuzevičius;;
Матусе́віч;;;;;;;;
Матэ́йка;;;;;;Matejko;;
Ма́ўґлі;;;;;;Mowgli;;
Маўрыта́нія;;;;;;;;
Махачкала́;;;;;;;;
Махна́ч;;;;;;;;
Маце́й;;;;;;;;
Ма́ціяс;;;;;;Matthias;;
Мацке́віч;;;;;;;;
Мацкя́вічус;;;;;;Mackevičius;;
Маця́ш;;;;;;;;
Маша́ра;;;;;;;;
Машэ́ка;;;;;;;;
Машэ́раў;;;;;;;;
Маяко́ўскі;;;;;;;;
Мдзіва́ні;;;;;;;;
Ме́днікі;;;;;;;;
Межала́йціс;;;;;;Mieželaitis;;
Ме́леж;;;;;;;;
Ме́льнікаў;;;;;;;;
Ме́мус;;;;;;;;
Менск;;;;;;;;
Ме́нск-Літо́ўскі;;;;;;;;
Ме́ншчына;;;;;;;;
Меражко́ўскі;;;;;;;;
Месяцасло́ў;;;;;;;;
Мё́ры;;;;;;;;
Мі́гаўка;;;;;;;;
Міда́с;;;;;;Midas;;
Мі́длсэкс;;;;;;Middlesex;;
Мі́длтан;;;;;;Middleton;;
Міжмо́р’е;;;;;;;;
Мікала́й;;;;;;;;
Мікало́юс;;;;;;Mikalojus;;
Мікашэ́вічы;;;;;;;;
Мікеля́нджэла;;;;;;Michelangelo;;
Мікі́та;;;;;;;;
Міко́ла;;;;;;;;
Міла́н;;;;;;Milano;;
Мілара́д;;;;;;Milorad;;
Мі́лаш;Чэ́слаў Мі́лаш;;;;;Milosz;;
Мі́лер;;;;;;Miller;;
Мілінке́віч;;;;;;;;
Міло́шавіч;;;;;;Milošević;;
Мі́лтан;;;;;;Milton;;
Мі́льке;;;;;;Milke;;
Міната́ўр;;;;;;Minotaurus;;
Міндо́ўг;;;;;;;;
Мі́рка;;;;;;;;
Міро́;;;;;;Miró;;
Міро́льд;;;;;;;;
Мітрафа́н;;;;;;;;
Мітэра́н;;;;;;Mitterrand;;
Міхаі́л;;;;;;;;
Міха́л;;;;;;;;
Міха́лішкі;;;;;;;;
Міха́лка;;;;;;;;
Міхало́н;;;;;;;;
Міха́сь;;;;;;;;
Міхаэ́ль;;;;;;Michael;;
Мі́хельсдо́рф;;;;;;Michelsdorf;;
Мі́хнік;;;;;;Michnik;;
Міцке́віч;;;;;;;;
Міцку́ны;;;;;;;;
Міцкя́вічус;;;;;;Mickevič;;
Мішэ́ль;;;;;;Michel(le);;
Мо́йша;;;;;;;;
Мо́латаў-Рыбэнтро́п;;;;;;;;
Мо́нґірд;;;;;;;;
Мо́ніка;;;;;;;;
Мо́нтэ-Ка́рла;;;;;;Monte Carlo;;
Мо́нтэ-Касі́на;;;;;;Monte Cassino;;
Мо́рґан;;;;;;Morgan;;
Мо́рыс;;;;;;Morris;;
Мо́рысан;;;;;;Morrison;;
Мо́таль;;;;;;;;
Мо́ўчадзь;;;;;;;;
Мо́царт;;;;;;Mozart;;
Мо́эм;Самэрсэ́т Мо́эм;;;;;Maugham;;
Мро́жак;;;-жка;;;Mrożek;;
Мрый;;;;;;;;
Мсьці́жы;;;;;;;;
Мсьцісла́вец;;;;;;;;
Мсьці́слаў;;;;;;;;
Мсьцісла́ўшчына;;;;;;;;
Мудзі́шчаў;;;;;;;;
Мудро́ў;;;;;;;;
Муля́він;;;;;;;;
Мураўё́ў-Ве́шальнік;;;;;;;;
Мурлы́ндыя;;;;;;;;
Мусалі́ні;;;;;;Mussolini;;
Муха́мад;;;;;;;;
Мухасра́нск;;;;;;;;
Мэ́ір;Ґо́лда Мэ́ір;;;;;;;
Мэ́йджар;;;;;;Major;;
Мэ́йсан;;;;;;Mason;;
Мэ́кка;;;;;;Mecca;;
Мэ́ксыка;;;;;;;;
Мэ́лвіл;;;;;;Melville;;
Мэ́льбурн;;;;;;;;
Мэльхісэдэ́к;;;;;;;;
Мэн;;;;;;Man;;
Мэндэльсо́н;;;;;;Mendelssohn;;
Мэ́нке;;;;;;;;
Мэ́рдак;;;;;;Murdoch;;
Мэрку́рый;;;;;;;;
Мэрсэдэ́с;;;;;;Mersedes;;
Мэ́рфі;;;;;;Murphy;;
Мэ́ры;;;;;;Mary;;
Мэрылэ́нд;;;;;;Maryland;;
Мэсапата́мія;;;;;;;;
Мэ́хіка;;;;;;Mexico;;
Мэ́цьюз;;;;;;Matthews;;
Мэ́чыяр;;;;;;Mečiar;;
Мю́нхен;;;;;;München;;
Мя́дзел;;;;;;;;
Мядзё́лка;;;;;;;;
Мяле́ці;;;;;;;;
Мяле́шка;;;;;;;;
Мяндо́ўг;;;;;;;;
Мяркі́с;;;;;;Merkys;;
Мярля́к;;;;;;;;
М’я́нма;;;;;;;;
Набаге́з;;;;;;;;
Набо́каў;;;;;;;;
Нава́градак;;;-дку;;;;;
Нава́градчына;;;;;;;;
Навапо́лацак;;;-цку;;;;;
Нава́рыч;;;;;;;;
Наві́нкі;;;;;;;;
Наву́м;;;;;;;;
На́дзя;;;;;;;;
На́дсан;айце́ц Алякса́ндар На́дсан;;;;;;;
Надсо́жжа;;;;;;;;
Назарба́еў;;;;;;;;
Назра́нь;;;;;;;;
Найдзю́к;;;;;;;;
Найро́бі;;;;;;;;
Налі́бакі;;;;;;;;
На́нсэн;;;;;;Nansen;;
Напалео́н;;;;;;Napoléon;;
На́раў;;;;;;;;
На́раўка;;;;;;;;
На́рач;;;;;;;;
На́рбут;;;;;;;;
На́рва;;;;;;;;
Нарвэ́ґія;;;;;;;;
Нарма́ндыя;;;;;;;;
Наро́ўля;;;;;;;;
Нары́льск;;;;;;;;
Насо́віч;;;;;;;;
Насрадзі́н;;;;;;;;
На́ста;;;;;;;;
Наста́ся;;;;;;;;
Настрада́мус;;;;;;Nostradamus;;
Ната́ля;;;;;;;;
Ната́н;;;;;;;;
Наўро́цкі;;;;;;;;
Наўру́з;;;;;;;;
Не́вель;;;;;;;;
Негарэ́лае;;;;;;;;
Не́глюбка;;;;;;;;
Не́жын;;;;;;;;
Незабіто́ўскі;;;;;;;;
Не́краш;;;;;;;;
Не́крыч;;;;;;;;
Не́стар;;;;;;;;
Не́ўдах;;;;;;;;
Нё́ман;;;Нё́мана / Нё́мна;;;;;
Ніґе́рыя;;;;;;;;
Нідэрля́нды;;;;;;;;
Ніжанко́ўская;;;;;;;;
Ніжнява́ртаўск;;;;;;;;
Нікадэ́м;;;;;;;;
Ні́калсан;;;;;;Nicholson;;
Ні́кан;;;;;;;;
Нікіфаро́ўскі;;;;;;;;
Ні́ксан;;;;;;Nixon;;
Ніл;;;;;;Nile;;
Ні́на;;;;;;;;
Нісьцю́к;;;;;;;;
Ні́цшэ;;;;;;Nietzsche;;
Нічы́пар;;;;;;;;
Ніяґа́ра;;;;;;Niagara;;
Но́бэль;;;;;;Nobel;;
Но́васыбі́рск;;;;;;;;
Ной;;;;;;Noe;;
Но́рбэрт;;;;;;Norbert;;
Но́рвід;;;;;;Norwid;;
Но́рман;;;;;;;;
Но́ўгарад;;;;;;;;
Но́ўгарад-Се́верскі;;;;;;;;
Нурсулта́н;;;;;;;;
Нью́тан;;;;;;Newton;;
Нью-Амстэрда́м;;;;;;New Amsterdam;;
Нью-Бра́нсьвік;;;;;;New Brunswick;;
Нью-Гэ́мпшыр;;;;;;New Hampshire;;
Нью-Джэ́рзі;;;;;;New Jersey;;
Нью-Ё́рк;;;;;;New York;;
Нэа́паль;;;;;;Napoli;;
Нэйрадзю́бэль;;;;;;;;
Нэ́льсан;;;;;;Nelson;;
Нэ́ля;;;;;;;;
Нэмэзы́да;;;;;;Nemesis;;
Нэпа́л;;;;;;;;
Нэпту́н;;;;;;;;
Нэро́н;;;;;;Nero;;
Нэфэрці́ці;;;;;;;;
Ню́рнбэрґ;;;;;;Nürnberg;;
Нява́;;;;;;;;
Нявя́жа;;;;;;;;
Някля́еў;;;;;;;;
Някра́саў;;;;;;;;
Някро́шус;;;;;;Nekrošius;;
Няме́ччына;;;;;;;;
Нямі́га;;;;;;;;
Нямі́рыч;;;;;;;;
Нясьві́ж;;;;;;;;
О́дэр;;;;;;Oder;;
О́ксфард;;;;;;;;
О́лбрайт;;;;;;Allbright, Albright;;
О́льбарґ;<i>м.</i> у Даніі;;-ґу, <i>М</i> -ґу;;;Aalborg;;
О́льстар;;;;;;Ulster;;
О́рўэл;;;;;;;;
О́сака;;;;;;Osaka;;
О́свальд;;;;;;;;
О́скар;;;;;;Oscar;;
О́та;;;;;;;;
О’Ні́л;;;;;;O’Neil, O’Neill;;
Паазе́р’е;;;;;;;;
Па́бла;;;;;;Pablo;;
Пабу́жжа;;;;;;;;
Па́вал;;;;;;;;
Па́віч;;;;;;Pavić;;
Паво́лжа;;;;;;;;
Паго́дзін;;;;;;;;
Паго́ня;;;;;;;;
Паґані́ні;;;;;;Paganini;;
Падабе́д;;;;;;;;
Падбро́дзьдзе;;;;;;;;
Падбярэ́скі;;;;;;;;
Падзьві́ньне;;;;;;;;
Падкасьце́льцы;;;;;;;;
Падлу́жны;;;;;;;;
Падля́шша;;;;;;;;
Падмаско́ўе;;;;;;;;
Падняпро́ўе;;;;;;;;
Падо́кшын;;;;;;;;
Падо́льле;;;;;;;;
Падуна́йскі;;;;;;;;
Падуна́ўе;;;;;;;;
Па́дуя;<i>м.</i> у Італіі;;;;;Padova;;
Падчашы́нскі;;;;;;Podczaszyński;;
Падэрэ́ўскі;;;;;;Paderewski;;
Пазалі́ні;;;;;;Pasolini;;
Пазьне́ўскі;;;;;;;;
Пазьня́к;;;;;;;;
Пазьнячы́ха;;;;;;;;
Пакіста́н;;;;;;;;
Пакро́ўскі;;;;;;;;
Пала́нґа;;;;;;Palanga;;
Палата́;;;;;;;;
Палача́ны;;;;;;;;
Пале́рма;;;;;;Palermo;;
Палесты́на;;;;;;;;
Пале́сьсе;;;;;;;;
Пале́цкіс;;;;;;Paleckis;;
Палё́нія;;;;;;;;
Палі́бій;;;;;;Polibius;;
Палімі́р;;;;;;;;
Палі́на;;;;;;;;
Палінэ́зія;;;;;;;;
Па́лмэр;;;;;;Palmer;;
Палубе́нскі;;;;;;;;
Палуя́н;;;;;;;;
Пальмі́ра;;;;;;;;
Палюхо́віч;;;;;;;;
Палямо́н;;;;;;;;
Паля́ччына;;;;;;;;
Па́мва;;;;;;;;
Памі́р;;;;;;;;
Пампіду́;;;;;;Pompidou;;
Пампэ́я;;;;;;;;
Панамаро́ў;;;;;;;;
Панамарэ́нка;;;;;;;;
Пана́ры;;;-раў;;;;;
Пандо́ра;;;;;;;;
Пані́зьнік;;;;;;;;
Панцеляймо́н;;;;;;;;
Па́нчанка;;;;;;;;
Паны́-Ра́да;;;;;;;;
Паняве́ж;;;;;;;;
Панямо́ньне;;;;;;;;
Панято́ўскі;;;;;;;;
Паня́ціч;;;;;;;;
Пао́ла;;;;;;Paolo;;
Па́па;Па́па Ры́мскі;;;;;;;
Папа́нін;;;;;;;;
Папла́ўскі;;;;;;;;
Папялу́шка;;;;;;;;
Параґва́й;;;;;;;;
Парамо́наў;;;;;;;;
Параске́ва;;;;;;;;
Парацэ́льс;;;;;;Paracelsus;;
Па́ркінсан;;;;;;Parkinson;;
Парна́с;;;;;;;;
Партуґа́лія;;;;;;;;
Парфяно́к;;;;;;;;
Пары́ж;<i>стал.</i> Францыі;;;;;Paris;;
Па́сас;;;;;;Passos;;
Паска́ль;;;;;;Pascal;;
Паске́віч;;;;;;;;
Паске́віч-Эрыва́нскі;;;;;;;;
Пасо́жжа;;;;;;;;
Паста́ўшчына;;;;;;;;
Пастэ́р;;;;;;Pasteur;;
Патапо́віч;;;;;;;;
Патара́нскі;;;;;;;;
Пато́цкі;;;;;;;;
Па́трык;;;;;;Patrick;;
Паўлаве́ц;;;;;;;;
Па́ўлаў;;;;;;;;
Па́ўлік;;;;;;;;
Паўлі́на;;;;;;;;
Паўлі́нка;;;;;;;;
Паўло́ўскі;;;;;;;;
Паўль;;;;;;Paul;;
Паўлю́к;;;;;;;;
Паўлюко́ўскі;;;;;;;;
Паўлючу́к;;;Паўлючука́;;;;;
Паўнд;Э́зра Паўнд;;;;;Pound;;
Паўсто́ўскі;;;;;;;;
Пац;;;;;;;;
Паце́й;;;;;;;;
Пацы́фік;;;-ку;;;;;
Пацю́па;;;;;;;;
Пачо́бут;;;;;;;;
Пашке́віч-Цё́тка;;;;;;;;
Пелаге́я;;;;;;;;
Пеляса́;;;;;;;;
Пераясла́ў;;;;;;;;
Перм;;;;;;;;
Пе́рцаў;;;;;;;;
Першазва́ны;;;;;;;;
Пе́страк;;;;;;;;
Петрагра́д;;;;;;;;
Петрапа́ўлаўск;;;;;;;;
Петрася́н;;;;;;;;
Петрашке́віч;;;;;;;;
Петрашу́ны;;;;;;;;
Петрушэ́нка;;;;;;;;
Пе́трык;;;;;;;;
Пе́цька;;;;;;;;
Пецюке́віч;;;;;;;;
Пе́ця;;;;;;;;
Пецярбу́рг;;;-гу;;;;;
Пе́шкаў;;;;;;;;
Пё́тар;;;Пятра́;;;;;
Пё́тра;;;Пё́тры;;;;;
Пігуле́ўскі;;;;;;;;
Пі́за;;;;;;Pisa;;
Пій;;;;;;Pius;;
Пікады́лі;;;;;;Picadilly;;
Піка́рда;;;;;;Picarda;;
Піка́са;;;;;;Picasso;;
Пі́куль;;;;;;;;
Пілі́п;;;;;;;;
Піліпе́нка;;;;;;;;
Пілсу́дзкі;;;;;;;;
Пільня́к;;;;;;;;
Піля́т;;;;;;Pilatus;;
Пі́мен;;;;;;;;
Піначэ́т;;;<i>чый:</i> Піначэ́таў;;;Pinochet;;
піначэ́таўскі;;;;;;Піначэ́т;;
Піні́гін;;;;;;;;
Пі́нск;;;;;;;;
Пі́нчан;;;<i>чый:</i> Пі́нчанаў;;;Pynchon;;
пі́нчанаўскі;;;;;;Пі́нчан;;
Пі́ншчына;;;;;;;;
Пірандэ́ла;;;;;;Pirandello;;
Піранэ́зі;;;;;;Piranesi;;
Пірчу́піс;;;;;;Pirčiupis;;
Пірэнэ́і;;;;;;;;
Піскаро́ў;;;;;;;;
Пісьмянко́ў;;;;;;;;
Піт;;;;;;Pete;;
Пі́тэр;;;;;;Peter;;
Пі́цер;;;;;;;;
Піціры́м;;;;;;;;
Пічэ́та;;;;;;;;
Пішча́лаўскі за́мак;;;;;;;;
Плато́н;Плато́н Галава́ч;;;;;;;
Плашчы́нскі;;;;;;;;
Плескачэ́ўскі;;;;;;;;
Пле́шчаніцы;;;;;;;;
Плі́мут;;;;;;Plymouth;;
Плі́ній;;;;;;Plinius;;
Плы́гаўка;;;;;;;;
Пльзе́нь;;;;;;Plzeň;;
Плэйбо́й;;;;;;Playboy;;
Плюта́рх;;;;;;Plutarchus;;
Плюто́н;;;;;;;;
Пляба́нь;;;;;;;;
Плято́н;;;;;;Platon;;
Пля́тэр;;;;;;;;
Пляха́наў;;;;;;;;
По́баль;;;;;;;;
По́знань;;;;;;Poznań;;
По́клад;;;;;;;;
По́лацак;;;-цку;;;;;
По́лаччына;;;;;;;;
По́ленька;;;;;;;;
По́льшча;;;;;;;;
По́следні;;;;;;Poslední;;
По́тсдам;;;;;;Potsdam;;
Праабражэ́нскі;;;;;;;;
Права́нс;;;;;;Provence;;
Правяні́шкі;;;;;;;;
Прадсла́ва;;;;;;;;
Прадце́ча;;;;;;;;
Празаро́кі;;;;;;;;
Празаро́ўскі;;;;;;;;
Пракапо́віч;;;;;;;;
Прако́паўна;;;;;;;;
Прамбудба́нк;;;-ку;;;;;
Прамэтэ́й;;;;;;;;
Пранці́шак;;;;;;;;
Пранча́к;;;;;;;;
Прапо́йск;;;;;;;;
Прапо́йшчына;;;;;;;;
Праско́ўя;;;;;;;;
Праспэ́р;;;;;;Prosper;;
Пратаґо́р;;;;;;;;
Прата́саў;;;;;;;;
Пратэ́й;;;;;;;;
Прашко́віч;;;;;;;;
Про́дня;;;;;;;;
Про́ня;;;;;;;;
Про́тас;;;;;;;;
Пру́сія;;;;;;;;
Пруст;;;;;;Proust;;
Прыба́лтыка;;;;;;;;
Прыдзьві́ньне;;;;;;;;
Прыднястро́ўе;;;;;;;;
Прыё́рбанк;;;-ку;;;;;
Прыкарпа́цьце;;;;;;;;
Прылу́кі;;;;;;;;
Прылу́цкая;;;;;;;;
Прыляжа́еў;;;;;;Прилежаев;;
Прымако́ў;;;;;;Примаков;;
Прыпаля́р’е;;;;;;;;
Пры́пяць;;;;;;;;
Прыты́цкі;;;;;;;;
Прыхо́дзька;;;;;;;;
Прышчэ́паў;;;;;;;;
Прэ́сьлі;;;;;;Presley;;
Прэто́рыюс;;;;;;Praetorius;;
Псалты́р;;;-ра́;;;;;
Пско́ў;;;;;;;;
Пско́ўшчына;;;;;;;;
Пталямэ́й;;;;;;Ptolemeus;;
Пта́шнікаў;;;;;;;;
Пташу́к;;;;;;;;
Пташы́цкі;;;;;;;;
Пуанкарэ́;;;;;;Poincaré;;
Пугачо́ў;;;;;;Пугачев;;
Пу́ленк;;;;;;Poulenc;;
Пу́ліхаў;;;;;;;;
Пурышке́віч;;;;;;;;
Пусты́нка;;;;;;;;
Пусэ́н;;;;;;Poussin;;
Путра́мэнт;;;;;;Putrament;;
Пу́хавічы;;;;;;;;
Пуці́лкавічы;;;;;;;;
Пу́шкін;;;;;;;;
Пуэ́бла;;;;;;Pueblo;;
Пфляўмба́ўм;;;;;;;;
Пфэ́фэрман;;;;;;Pfeffermann;;
Пхоў;;;;;;;;
Пціч;;;;;;;;
Пшыбышэ́ўскі;;;;;;Przybyszewski;;
Пшэ́рва-Тэтма́ер;;;;;;Przerwa-Tetmajer;;
Пшэ́цыя;;;;;;;;
Пы́сін;;;;;;;;
Пэ́ґі;;;;;;Peggy;;
Пэжо́;;;;;;Peugeot;;
Пэкі́н;;;;;;Beijing;;
Пэляпанэ́с;;;;;;Peloponnesus;;
Пэнсыльва́нія;;;;;;Pennsylvania;;
Пэнтха́ўз;;;;;;Penthouse;;
Пэнэлё́па;;;;;;Penelope;;
Пэрсэ́й;;;;;;Perseus;;
Пэру́;;;;;;;;
Пэры́кл;;;;;;Pericles;;
Пэтра́рка;;;;;;Petrarca;;
Пэтэ́н;;;;;;Pétain;;
Пэ́тэр;;;;;;Peter;;
Пэ́тэрс;;;;;;Peters;;
Пэ́тэфі;;;;;;Petőfi;;
Пяка́рскі;;;;;;;;
Пятлю́ра;;;;;;;;
Пятру́сь;;;;;;;;
Пятру́шка;;;;;;;;
Пяцікні́жжа;;;;;;;;
П’емо́нт;;;;;;Piemonte;;
П’ер;;;;;;Pierre;;
Рабіндрана́т;Рабіндрана́т Таго́р;;;;;Rabindranath;;
Рабінзо́н;;;;;;Robinson;;
Рабке́віч;;;;;;;;
Рабко́раўская;ву́ліца;;;;;;;
Рабле́;;;;;;Rabelais;;
Рабэ́р;;;;;;Robert;;
Рабэ́рта;;;;;;Roberto;;
Равэ́ль;Мары́с Равэ́ль;;;;;Ravel;;
Равэ́на;;;;;;Ravenna;;
Рага́льскі;;;;;;;;
Рагачо́ў;;;;;;;;
Рагвало́д;;;;;;;;
Рагне́да;;;;;;;;
Раго́за;;;;;;;;
Раго́йша;;;;;;;;
Рагу́ля;Бары́с Рагу́ля;;-лі, <i>Т</i> -лем, <i>М</i> -лю;;;;;
Ра́дамля;;;;;;;;
Радасла́ў;;;;;;;;
Ра́дашкавічы;;;;;;;;
Радзіві́л;;;;;;;;
Радзівілімо́нты;;;;;;;;
Радзівіля́нка;;;;;;;;
Радзіво́н;;;;;;;;
Радзю́к;;;;;;;;
Радке́віч;;;;;;;;
Ра́дуніца;;;;;;;;
Ра́дунь;;;;;;;;
Радэ́н;;;;;;Rodin;;
Рае́ўскі;;;;;;;;
Рае́цкі;;;;;;;;
Ражно́ўскі;;;;;;;;
Раза́лія;;;;;;;;
Раза́наў;;;;;;;;
Разэнблю́м;;;;;;;;
Разэнта́ль;;;;;;;;
Раі́са;;;;;;;;
Раймо́н;;;;;;Raymond;;
Райх;;;-ху;;;Reich;;
Райхста́ґ;;;;;;;;
Ра́йчыч;;;;;;;;
Ракасо́ўскі;;;;;;;;
Ра́каў;;;;;;;;
Ракуцё́ўшчына;;;;;;;;
Раля́н;;;;;;Rolland;;
Рамаза́н;;;;;;;;
Рама́наўка;;;;;;;;
Рамано́віч;;;;;;;;
Рамано́ўскі;;;;;;;;
Рамзґе́йт;;;;;;Ramsgate;;
Рамуа́льд;;;;;;;;
Раму́нас;;;;;;Ramūnas;;
Рамэ́н;;;;;;Romain;;
Ра́ндаў;Но́рбэрт Ра́ндаў;;;;;Randow;;
Рапапо́рт;;;;;;;;
Расе́я;;;;;;;;
Раско́льнікаў;;;;;;;;
Распу́цін;;;;;;;;
Раство́;;;;;;;;
Расто́ў;;;;;;;;
Расына́нт;;;;;;;;
Расьцісла́ў;;;;;;;;
Ра́сэл;;;;;;Russell;;
Ра́тнэр;;;;;;;;
Ратэрда́м;;;;;;Rotterdam;;
Ра́ўбічы;;;;;;;;
Рафаэ́ль;мастак;;;;;Raffaello;;
Рахі́ль;;;;;;;;
Ро́бін;;;;;;Robin;;
Ро́бэрт;;;;;;Robert;;
Роб-Ґрые́;;;;;;Robbe-Grillet;;
Ро́дзевіч;Леапо́льд Ро́дзевіч;;;;;;;
Ро́дзька;;;;;;;;
Ро́за;;;;;;;;
Розэнбэ́рґ;;;;;;Rosenberg;;
Розэнфэ́льд;;;;;;;;
Ро́куэл;;;;;;Rockwell;;
Ро́ланд;<i>анґ.</i>;;;;;Roland;;
Ро́лянд;<i>ням.</i>;;;;;Roland;;
Ро́мэр;;;;;;Römer;;
Ро́слаў;;;;;;;;
Ро́тшыльд;;;;;;Rothschild;;
Ро́ўда;;;;;;;;
Рох;;;;;;;;
Ро́чэстар;;;;;;Rochester;;
Руа́нда;;;;;;;;
Ру́бік;;;;;;;;
Рубіко́н;;;;;;;;
Рубо́н;;;;;;;;
Ру́бэнс;;;;;;Rubens;;
Рубяжэ́вічы;;;;;;;;
Рудабе́лка;;;;;;;;
Рудамі́на;;;;;;;;
Рудко́ўскі;;;;;;;;
Ру́днікі;;;;;;;;
Ружанцо́ў;;;;;;;;
Ружа́ны;;;;;;;;
Ружэ́віч;;;;;;;;
Руко́йны;;;;;;;;
Румы́нія;;;;;;;;
Румя́нцаў;;;;;;;;
Румя́нцаў-Задуна́йскі;;;;;;;;
Ру́рык;;;;;;;;
Ру́рыкавіч;;;;;;;;
Русе́цкі;;;;;;;;
Русла́н;;;;;;;;
Руставэ́лі;;;;;;;;
Русь;;;;;;;;
Рут;;<i>кат. і нерэліґ.</i>;Ру́та;Руф;;;;
Руф;;<i>прав.</i>;;Рут;;;;
Рушдзі́;Са́лман Ру́шдзі;;;;;Rushdie;;
Ру́шчыц;Фэрдына́нд Ру́шчыц;;;;;;;
Рыбако́ў;;;;;;;;
Рыбалто́ўскі;;;;;;;;
Ры́банька;;;;;;;;
Рыбчо́нак;;;;;;;;
Рыбэнтро́п;;;;;;Ribbentrop;;
Рыго́р;;;;;;;;
Ры́ґа;;;;;;Rīga;;
Рыґале́та;;;;;;Rigoletto;;
Рыдзе́ўскі;;;;;;;;
Ры́льке;;;;;;Rilke;;
Рым;;;;;;;;
Ры́мантас;;;;;;Rimantas;;
Рымашэ́ўскі;;;;;;;;
Ры́мвід;;;;;;;;
Рымдзю́ны;;;;;;;;
Рымкя́вічус;;;;;;Rimkevičius;;
Ры́мскі-Ко́рсакаў;;;;;;;;
Ры́мша;;;;;;;;
Рыпі́нскі;;;;;;;;
Ры́та;;;;;;;;
Ры́ўкін;;;;;;;;
Ры́хард;;;;;;Richard;;
Ры́хтэр;;;;;;Richter;;
Рыч;Ве́ра Рыч;;;;;Rich;;
Ры́чард;;;;;;Richard;;
Ры́чардас;;;;;;Ričardas;;
Ры́чманд;;;;;;Richmond;;
Рэґі́на;;;;;;;;
Рэ́йґан;;;;;;Reagan;;
Рэйн;;;;;;Rhein;;
Рэ́йнхард;;;;;;Reinhard;;
Рэма́рк;;;;;;Remarque;;
Рэ́мба;;;;;;Rambo;;
Рэмбо́;Арцю́р Рэмбо́;;;;;Rimbauld;;
Рэмбра́нт;;;;;;Rembrandt;;
Рэна́та;;;;;;;;
Рэніе́р;;;;;;Rainier;;
Рэнэ́;;;;;;René;;
Рэ́пін;;;;;;;;
Рэ́рых;;;;;;;;
Рэ́чыца;;;;;;;;
Сабале́ўскі;;;;;;;;
Сабаля́ўскас;;;;;;Sabaliauskas;;
Сабаты́ні;;;;;;Sabbatini;;
Сабе́скі;Ян Сабе́скі;;;;;;;
Сабі́ла;;;;;;;;
Сабі́на;;;;;;;;
Сабу́раў;;;;;;;;
Саванаро́ла;;;;;;Savanarola;;
Саве́т;;;-ту;;;;;
Са́вінкаў;Бары́с Са́вінкаў;;;;;;;
Саві́цкі;;;;;;;;
Са́віч;;;;;;;;
Сагано́віч;;;;;;;;
Сага́ра;;;;;;Sahara;;
Сада́м;Сада́м Хусэ́йн;;;;;Saddam;;
Садко́;;;;;;;;
Садо́м;;;;;;Sodom;;
Садо́ўскі;;;;;;;;
Са́дэбіз;;;;;;Sotheby’s;;
Са́жыч;;;;;;;;
Сазанчу́к;;;;;;;;
Сазо́н;;;;;;;;
Саі́д;;;;;;Sayyid;;
Сайґо́н;;;;;;Saigon;;
Сакало́ўскі;;;;;;;;
Сакало́ў-Куба́й;;;;;;;;
Сако́віч;;;;;;;;
Сакра́т;;;;;;;;
Саксо́нія;;;;;;;;
Салагу́б;;;;;;;;
Саладу́ха;;;;;;;;
Саласпі́лс;;;;;;Salaspils;;
Салаўё́ў;;;;;;;;
Салаўкі́;;;;;;;;
Салерці́нскі;;;;;;;;
Сале́чнікі;;;;;;;;
Салжані́цын;;;;;;;;
Са́лівэн;;;;;;Sullivan;;
Саліго́рск;;;;;;;;
Са́лман;Са́лман Ру́шдзі;;;;;Salman;;
Сало́нікі;;;;;;;;
Салу́нскі;;;;;;;;
Сальвато́р;;;;;;Salvator;;
Сальвато́рэ;;;;;;Salvatore;;
Салье́ры;;;;;;Salieri;;
Салямбэ́к;;;;;;;;
Салямо́н;;;;;;;;
Салямэ́я;;;;;;;;
Самаахо́ва;;;;;;;;
Самалі́;;;;;;;;
Сама́ра;;;;;;;;
Самасу́й;;;;;;;;
Сама́шкі;;;;;;;;
Само́йла;;;;;;;;
Самсо́н;;;;;;;;
Самуі́л;;;;;;;;
Самуйлё́нак;;;;;;;;
Самусё́нак;;;;;;;;
Самуэ́ль;;;;;;;;
Санґа́йла;;;;;;Songaila;;
Санґмі́;;;;;;Songmi;;
Санд;Жорж Санд;;;;;Sand;;
Са́ндра;;;;;;;;
Са́ндэрс;;;;;;Sanders;;
Санкт-Пецярбу́рг;;;-гу;;;;;
Са́нча;;;;;;Sancho;;
Са́нька;;;;;;;;
Са́ньнікаў;;;;;;;;
Сан-Дамі́нґа;;;;;;San Domingo;;
Сан-Мары́на;;;;;;;;
Сан-Сусі́;;;;;;Sans Souci;;
Сан-Францы́ска;;;;;;San Francisco;;
Сапе́га;;;;;;;;
Сапе́жын;;;;;;;;
Саплі́ца;;;;;;;;
Сапо́дзька;;;;;;;;
Сапо́цкін;;;;;;;;
Сапуно́ў;;;;;;;;
Са́ра;;;;;;;;
Сара́ева;;;;;;Sarajevo;;
Сара́таў;;;;;;;;
Сарая́н;;;;;;Saroyan;;
Сарбе́ўскі;;;;;;;;
Сарбо́на;;;;;;Sarbonne;;
Сарма́тыя;;;;;;;;
Саро́т;Ната́лі Сара́т;;;;;Sarraute;;
Сартр;;;;;;Sartre;;
Сасю́ра;;;;;;;;
Сату́рн;;;;;;;;
Сатырыко́н;;;;;;;;
Саўдэ́пія;;;;;;;;
Саўра́с;;;;;;;;
Саўт-Ры́вэр;;;;;;South River;;
Сафі́я;;;;;;;;
Сафо́кл;;;;;;Sophocles;;
Сахалі́н;;;;;;;;
Са́хараў;;;;;;;;
Саці́;;;;;;Sati;;
Са́чанка;;;;;;;;
Са́ша;;;;;;;;
Са́юдзіс;;;;;;Sąjūdis;;
Сварамі́р;;;;;;;;
Сво́льна;;;;;;;;
Свэ́дэнборґ;;;;;;Svedenborg;;
Свэн;;;;;;;;
Се́беж;;;;;;;;
Севасто́паль;;;;;;;;
Севасьця́наў;;;;;;;;
Се́вершчына;;;;;;;;
Севяра́нін;;;;;;;;
Севяры́н;;;;;;;;
Селіво́н;;;;;;;;
Селяшчу́к;;;Селешчука́;;;;;
Семашке́віч;;;;;;;;
Семяжо́н;;;;;;;;
Семянто́ўскі;;;;;;;;
Семяню́к;;;;;;;;
Се́на;;;;;;Seine;;
Се́нька;;;;;;;;
Се́ньніца;;;;;;;;
Серабра́нка;;;;;;;;
Серако́ўскі;;;;;;;;
Серафімо́віч;;;;;;;;
Сербанто́віч;;;;;;;;
Сергіе́віч;;;;;;;;
Се́ргій;;;;;;;;
Сердзюко́ў;;;;;;;;
Серж;;;;;;Serge;;
Сержпуто́ўскі;;;;;;;;
Се́рпухаў;;;;;;;;
Се́ўрук;;;Се́ўрука;;;;;
Сё́муха;;;;;;;;
Сібі́ла;;;;;;;;
Сіві́цкі;;;;;;;;
Сіґі́тас;;;;;;Sigitas;;
Сідару́к;;;;;;;;
Сідарэ́віч;;;;;;;;
Сідарэ́нка;;;;;;;;
Сіко́рскі;;;;;;;;
Сіліво́н;;;;;;;;
Сільвано́віч;;;;;;;;
Сі́львія;;;;;;;;
Сільно́ва;;;;;;;;
Сімако́віч;;;;;;;;
Сіманавічу́тэ;;;;;;Simonavičiūtė;;
Сі́манас;;;;;;Simonas;;
Сі́мачка;;;;;;;;
Сімео́н;Сімео́н По́лацкі;;;;;;;
Сімілі́шкі;;;;;;;;
Сімо́н;;;;;;Simon;;
Сімо́на;;;;;;;;
Сіпако́ў;;;;;;;;
Сіпо́віч;;;;;;;;
Сі́ўчык;;;;;;;;
СіЭнЭ́н;;;;;;CNN;;
Скако́ўскі;;;;;;;;
Скандына́вія;;;;;;;;
Скарабага́таў;;;;;;;;
Скары́на;;;Скары́ны, <i>ДМ</i> -ну, <i>Т</i> -нам;;;;;
Скары́нкін;;;;;;;;
Скот;Ва́льтэр Скот;;;;;Scott;;
Скрабату́н;;;;;;;;
Скра́бін;;;;;;;;
Скрыга́н;;;;;;;;
Скура́т;;;;;;;;
Скурато́віч;;;;;;;;
Слабада́н;;;;;;;;
Славамі́р;;;;;;;;
Слава́ччына;;;;;;;;
Славе́нія;;;;;;;;
Славо́нія;;;;;;;;
Сла́ўгарад;;;;;;;;
Сла́ўка;;;;;;;;
Сло́нім;;;;;;;;
Слу́цак;;;-цку;;;;;
Слу́ччына;;;;;;;;
Смактуно́ўскі;;;;;;;;
Смале́нск;;;;;;;;
Смале́ншчына;;;;;;;;
Смаляві́чы;;;;;;;;
Смалянчу́к;;;;;;;;
Смарго́нь;;;;;;;;
Сматры́цкі;;;;;;;;
Смо́ліч;;;;;;;;
Смо́льскі;;;;;;;;
Смугле́віч;;;;;;;;
Снапко́ўская;;;;;;;;
Со́даль;;;;;;;;
Сож;;;;;;;;
Со́калаў-Во́юш;;;Со́калава-Во́юша;;;;;
Со́лсбэры;;;;;;Salisbury;;
Со́львэйґ;;;;;;Solveig;;
Со́мэрсэт;Со́мэрсэт Мо́эм;;;;;Somerset;;
Со́пат;;;;;;Sopot;;
Со́рас;Джо́рдж Со́рас;;;;;Soros;;
Со́рмава;;;;;;;;
Со́тнікаў;;;;;;;;
Со́чы;;;;;;;;
Спа́рта;;;;;;Sparta;;
Спарта́к;;;;;;Spartacus;;
Спэ́кгард;;;;;;Speckhard;;
Спэктэ́йтар;;;-ра;;;Spectator;;
Спэ́нсэр;;;;;;Spenser;;
Стагано́віч;;;;;;;;
Ста́йкі;;;;;;;;
Стакго́льм;;;;;;Stockholm;;
Стако́ўскі;;;;;;;;
Ста́лін;;;;;;;;
Сталінгра́д;;;;;;;;
Ста́лкер;;;;;;;;
Стало́вічы;;;;;;;;
Сталы́пін;;;;;;;;
Стамбу́л;;;;;;İstanbul;;
Станісла́ваўскі;;;;;;;;
Станісла́ў;;;;;;;;
Станісла́ўскі;;;;;;;;
Станішэ́ўскі;;;;;;;;
Станке́віч;;;;;;;;
Станю́та;;;;;;;;
Станя́вічус;;;;;;Stanevičius;;
Стараві́ленскі тракт;;;;;;;;
Стараво́йтаў;;;;;;;;
Стараду́б;;;;;;;;
Старажо́ўка;;;;;;;;
Ста́саў;;;;;;;;
Стасе́віч;;;;;;;;
Стасі́с;;;;;;Stasys;;
Статке́віч;;;;;;;;
Статкя́вічус;;;;;;Statkevičius;;
Ста́ўрапаль;;;;;;;;
Стаўро́гін;;;;;;;;
Стаф;Леапо́льд Стаф;;;;;Staff;;
Стафа́н;;;;;;;;
Стафано́віч;;;;;;;;
Стах;;;;;;;;
Сташке́віч;;;;;;;;
Сташэ́ўскі;;;;;;;;
Сто́лін;;;;;;;;
Сто́ўн;;;;;;Stone;;
Сто́ўнгэндж;;;;;;Stonehenge;;
Сто́ўпцы;;;;;;;;
Страві́нскі;;;;;;;;
Стракапы́таў;;;;;;;;
Стралко́ўскі;;;;;;;;
Стральцо́ў;;;;;;;;
стральцо́ўскі;;;;;;Стральцо́ў;;
Страмі́нскі;;;;;;;;
Страсбу́рґ;;;;;;Strasbourg;;
Страці́еў;;;;;;;;
Стра́ча;;;;;;;;
Стро́еў;;;;;;;;
Стро́нґсьвіл;;;;;;Strongsville;;
Стру́каў;;;;;;;;
Стрыйко́ўскі;;;;;;Stryjkowski;;
Студні́цкі;;;;;;Studnicki;;
Стука́ліч;;;;;;;;
Стуо́ка-Ґуця́вічус;;;;;;Stuoka-Gucevičius;;
Сты́вэн;;;;;;Stephen;;
Сты́вэнсан;;;;;;Stevenson;;
Стэ́йнбэк;;;;;;Steinbeck;;
Стэльмахо́віч;;;;;;;;
Стэнда́ль;;;;;;Stendhal;;
Стэ́фа;;;;;;;;
Стэ́фан;;;;;;Stefan;;
Стэфані́да;;;;;;;;
Стэ́фка;;;;;;;;
Стэх;;;;;;;;
Стэцке́віч;;;;;;;;
Сува́лкі;;;;;;;;
Сува́льшчына;;;;;;;;
Суво́раў;;;;;;;;
Су́днік;;;;;;;;
Судэ́ты;;;;;;Sudety;;
Суза́на;;;;;;;;
Сукені́цкі;;;;;;Sukiennicki;;
Сума́тра;;;;;;Sumatra;;
Су́прасьль;;;;;;;;
Супру́н;;;;;;;;
Су́раж;;;;;;;;
Сурві́лла;Іво́нка Сурві́лла;;;;;;;
Сургу́т;;;;;;;;
Су́рмач;Га́нна Су́рмач;;;;;;;
Сурначо́ў;;;;;;;;
Суса́нін;;;;;;;;
Сухадо́льскі;;;;;;;;
Сцыпіё́н;;;;;;Scipio;;
Сыбі́р;;;;;;;;
Сыле́зія;;;;;;;;
Сы́львія;;;;;;;;
Сымано́віч;;;;;;;;
Сы́мба;;;;;;;;
Сымо́н;;;;;;;;
Сымо́н-музы́ка;;;;;;;;
Сы́мпсан;;;;;;Simpson;;
Сынґапу́р;;;;;;;;
Сынко́вічы;;;;;;;;
Сы́нтыя;;;;;;Cynthia;;
Сырако́мля;;;;;;;;
Сы́руць;;;;;;;;
Сыс;;;;;;;;
Сыцы́лія;;;;;;Sicilia;;
Сьвентаржэ́цкі;;;;;;;;
Сьве́ржань;;;;;;;;
Сьветаза́р;;;;;;;;
Сьветлаго́рск;;;;;;;;
Сьвё́нтак;;;;;;;;
Сьвідрыга́йла;;;;;;;;
Сьвір;;;;;;;;
Сьвіры́д;;;;;;;;
Сьві́слач;;;;;;;;
Сьвіфт;;;;;;Swift;;
Сьві́цязь;;;;;;;;
Сьвянці́цкі;;;;;;;;
Сьвянця́ны;;;;;;;;
Сьвятасла́ў;;;;;;;;
Сьвятла́на;;;;;;;;
Сьлюнько́ў;;;;;;;;
Сьляжэ́віч;;;;;;;;
Сьмі́лавічы;;;;;;;;
Сьмірно́ў;;;;;;;;
Сьміт;;;;;;Smith;;
Сьмято́на;;;;;;Smetona;;
Сьне́чкус;;;;;;Sniečkus;;
Сьнягу́рскі;;;;;;;;
Сьпіно́за;;;;;;Spinosa;;
Сьпірыдо́наў;;;;;;;;
Сьцепана́вічус;;;;;;Steponavičius;;
Сьцепані́да;;;;;;;;
Сьцепулё́нак;;;;;;;;
Сьцяпа́н;;;;;;;;
Сэві́льля;;;;;;Sevilla;;
Сэ́йны;;;;;;;;
Сэ́леш;Мо́ніка Сэ́леш;;;;;Seleš;;
Сэ́лінджэр;;;;;;Salinger;;
Сэльвясю́к;;;;;;;;
Сэмюэ́ль;;;;;;Samuel;;
Сэнт-Экзюпэры́;;;;;;Saint-Exupéry;;
Сэ́рбія;;;;;;;;
Сэ́рвач;;;;;;;;
Сюза́на;;;;;;;;
Сяднё́ў;;;;;;;;
Сядо́ў;;;;;;;;
Сяма́шка;;;;;;;;
Сямё́н;;;;;;;;
Сямё́наў;;;;;;;;
Сямё́наў-Цяньша́ньскі;;;;;;;;
Сянке́віч;;;;;;;;
Сянно́;;;;;;;;
Сянько́;;;;;;;;
Сянько́ўскі;;;;;;;;
Сярге́й;;;;;;;;
Сяржу́к;;;;;;;;
Сярэ́дзіч;;;;;;;;
Сярэдняве́чча;;;;;;;;
Та́дас;;;;;;Tadas;;
Таджыкіста́н;;;;;;;;
Та́дзік;;;;;;;;
Тадэ́вуш;;;;;;;;
Тайва́нь;;;-ню;;;;;
Тайля́нд;;;;;;;;
Таймс;;;;;;Times;;
Таймы́р;;;;;;;;
Талачы́н;;;;;;;;
Талачы́ншчына;;;;;;;;
Тале́да;;;;;;Toledo;;
Таліба́н;;;;;;Taliban;;
Та́лін;;;;;;Tallinn;;
Тало́чка;;;;;;;;
Талсто́й;;;;;Талсты́;;;
Талсты́;Леў Талсты́;;Талсто́га;;;;;
Тама́ра;;;;;;;;
Тама́ш;;;;;;;;
Тамашэ́ўскі;;;;;;;;
Тамбо́ў;;;;;;;;
Тана́тас;;;;;;Thanatos;;
Танза́нія;;;;;;;;
Та́ня;;;;;;;;
Тапчэ́ўскі;;;;;;;;
Таразе́віч;;;;;;;;
Тара́с;;;;;;;;
Тара́саў;;;;;;;;
Тарасе́віч;;;;;;;;
Тарашке́віч;;;;;;;;
Тарквэма́да;;;;;;Torquemada;;
Тарко́ўскі;;;;;;;;
Таро́нта;;;;;;Toronto;;
Та́рту;;;;;;Tartu;;
Тары́ба;;;;;;Taryba;;
Тасма́нія;;;;;;Tasmania;;
Татарста́н;;;;;;;;
Тата́рыя;;;;;;;;
Та́тры;;;;;;;;
Таўла́й;;;;;;;;
Та́ўрыя;;;;;;;;
Таўціві́л;;;;;;;;
Тацы́т;;;;;;Tacitus;;
Таця́на;;;;;;;;
Ташке́нт;;;;;;;;
Тбілі́сі;;;;;;;;
Твары́цкі;;;;;;;;
Твэн;Марк Твэн;;;;;Twaine;;
Ткачо́ў;;;;;;;;
То́дар;;;;;;;;
То́йнбі;;;;;;Toynbee;;
То́кіё;;;;;;Tokyo;;
То́лік;;;;;;;;
То́лкін;;;;;;Tolkien;;
То́мас;;;;;;Thomas;;
То́маш;;;;;;Tomáš;;
То́мпсан;;;;;;Thompson;;
Томск;;;;;;;;
То́нґа;;;;;;;;
То́ня;;;;;;;;
То́рвальдсэн;;;;;;Thorvaldsen;;
Травія́та;;;;;;Traviata;;
трае́цкі;Трае́цкае Прадме́сьце;;;;;;;
Трака́й;;;;;Тро́кі;;;
Трансыльва́нія;;;;;;;;
Трасьцяне́ц;;;;;;;;
Тра́ўґут;;;;;;Traugutt;;
Трафі́м;;;;;;;;
Трацяко́ўская ґалерэ́я;;;;;;;;
Трая́н;;;;;;;;
Тро́йца;;;;;;;;
Тро́кі;;;Тро́каў;;;;;
Тро́цкі;;;;;;;;
Трубяцкі́;;;;;;;;
Тру́ман;;;;;;Truman;;
Трутнё́ў;;;;;;;;
Тру́хан;;;;;;;;
Трыгубо́віч;;;;;;;;
Трышча́н;;;;;;;;
Тува́;;;;;;;;
Ту́ґлас;Фрыдэбэ́рт Ту́ґлас;;;;;Tuglas;;
Туке́ркес;;;;;;;;
Тулю́з-Лятрэ́к;;;;;;Toulouse-Lautrec;;
Ту́маш;;;;;;;;
Туні́с;;;;;;;;
Ту́раў;;;;;;;;
Турге́неў;;;;;;;;
Турґе́лі;;;;;;;;
Туро́нак;;;;;;;;
Ту́рцыя;;;;;;;;
Туры́н;;;;;;Torino;;
Турэ́ччына;;;;;;;;
Тутанхамо́н;;;;;;;;
Тыбэ́т;;;;;;;;
Ты́валі;парк;;;;;Tivoli;;
Тызэнга́ўз;;;;;;;;
Тыйт;;;;;;Tiit;;
Ты́льзыт;;;;;;Tilsit;;
Тымо́р;;;;;;;;
Тыра́на;;;;;;Tirana;;
Ты́та;;;;;;Tito;;
Ты́тус;;;;;;;;
Тыфлі́с;;;;;;;;
Тыцыя́н;;;;;;Tiziano;;
Тычы́на;;;;;;;;
Тышке́віч;;;;;;;;
Тэадо́р;;;;;;Theodor;;
Тэ́керэй;;;;;;Thackeray;;
Тэ́ксас;;;;;;Texas;;
Тэль-Аві́ў;;;;;;Tel-Aviv;;
Тэ́мза;;;;;;Thames;;
Тэмі́да;;;;;;;;
Тэ́рнэр;;;;;;Turner;;
Тэртулія́н;;;;;;Tertullianus;;
Тэрцы́на;;;;;;;;
Тэрэ́за;;;;;;;;
Тэрэ́спаль;;;;;;;;
Тэха́с;;;;;Тэ́ксас;;;
Тэ́чар;Ма́рґарэт Тэ́чар;;;;;Thatcher;;
Уаґаду́ґу;;;;;;Ouagadougou;;
Уа́йлд;О́скар Уа́йлд;;;;;Wilde;;
Уа́йт;Том Уа́йт;;;;;White;;
Убарэ́віч;;;;;;;;
Ува́равічы;;;;;;;;
Ува́раў;;;;;;;;
Уґа́нда;;;;;;;;
У́жупіс;;;;;Зарэ́чча;;;
Узбэкіста́н;;;;;;;;
Уі́льсан;;;;;;Wilson;;
Уі́льям;;;;;;William;;
Уі́нстан;;;;;;Winston;;
Уі́тмэн;;;;;;Whitman;;
Украі́на;;;;;;;;
Уладзікаўка́з;;;;;;;;
Уладзі́мер;;;;;;;;
Уладзісла́ў;;;;;;;;
Ула́дзя;;;;;;;;
Ула́с;;;;;;;;
Ула́саў;;;;;;;;
Ула́шчык;;;;;;;;
Улі́с;;;;;;Ulysses;;
У́лманіс;;;;;;Ulmanis;;
У́льбрыхт;;;;;;Ulbricht;;
У́льрых;;;;;;Ulrich;;
Улья́наў;;;;;;;;
Улялю́м;;;;;;;;
Умбэ́рта;;;;;;Umberto;;
Уне́жма;;;;;;;;
Уо́лтэр;;;;;;Walter;;
У́псала;;;;;;Uppsala;;
Ура́л;;;;;;;;
У́рбан;;;;;;;;
Урбана́вічус;;;;;;Urbanavičius;;
Урбано́віч;;;;;;;;
Уро́цлаў;;;;;;Wrocław;;
Урсу́ла;;;;;;;;
Урубле́ўскі;;;;;;;;
Уруґва́й;;;;;;;;
Уру́пінск;;;;;;;;
Уру́чча;;;;;;;;
Уры́цкі;;;;;;;;
Усе́валад;;;;;;;;
Усе́люб;;;;;;;;
Усясла́ў;;;;;;;;
Ушако́ў;;;;;;;;
Ушы́нскас;;;;;;Ušinskas;;
Ушы́нскі;;;;;;;;
Уэ́лс;Ге́рбэрт Уэ́лс;;;;;Wells;;
Фабэржэ́;;;;;;Fabergé;;
Фадзе́еў;;;;;;;;
Фальста́ф;;;;;;Falstaff;;
Фа́ніпаль;;;;;;;;
Фаро́с;;;;;;;;
Фа́рэнгайт;;;-та;;;Fahrenheit;;
Фасбі́ндэр;;;;;;Fassbinder;;
Фа́смэр;;;;;;;;
Фа́тыма;мясцовасьць у Партуґаліі;;;;;Fátima;;
Фаўст;;;;;;Faust;;
Феафа́н;;;;;;;;
Федаро́віч;;;;;;;;
Федаро́ўскі;;;;;;;;
Федарэ́нка;;;;;;;;
Фе́дзя;;;;;;;;
Фё́дараў;;;;;;;;
Фіґаро́;;;;;;Figaro;;
Фі́джы;;;;;;Fiji;;
Фідэ́ль;;;;;;Fidel;;
Фіё́ль;Швайпо́льт Фіё́ль;;;;;;;
Філарэ́т;;;;;;;;
Філафе́й;;;;;;;;
Фі́лбі;;;;;;Philby;;
Філіпі́ны;;;;;;;;
Філіпо́віч;;;;;;;;
Філо́н;Філо́н Кмі́та-Чарнабы́льскі;;;;;;;
Філядэ́льфія;;;;;;Philadelphia;;
Фі́ма;;;;;;;;
Фі́нберг;;;;;;;;
Фінля́ндыя;;;;;;;;
Фі́нчлі;;;;;;Finchley;;
Фінэґа́н;“Памі́нкі па Фінэґа́ну”;;;;;Finnegan;;
Фі́хтэ;;;;;;Fichte;;
Фіцджэ́ралд;;;;;;Fitzgerald;;
Фларыя́н;;;;;;;;
Фло́рыда;;;;;;Florida;;
Флябэ́р;;;;;;Flaubert;;
Фля́ндрыя;;;;;;;;
Флярэ́нцыя;;;;;;Firenze;;
Фо́лклэнды;;;;;;Falkland;;
Фо́лкнэр;Уі́льям Фо́лкнэр;;-ра;;;Faulkner;;
Фо́рман;;;;;;Forman;;
Фо́рсайт;;;;;;;;
Фо́рстэр;;;;;;Forster;;
Фра́йбурґ;;;;;;Freiburg;;
Фрало́ў;;;;;;;;
Фра́нак;;;;;;;;
Франке́віч;;;;;;;;
Франкенштэ́йн;;;;;;;;
Франко́;;;;;;;;
Фра́нкфурт;;;;;;Frankfurt;;
Франс;;;;;;France;;
Франсуа́;;;;;;François;;
Франсуа́за;Франсуа́за Саґа́н;;;;;Françoise;;
Франу́к;;;-ка́;;;;;
Франц;;;Фра́нца;;;;;
Франці́шак;;;-шка;;;;;
Францы́ск;;;;;;;;
Фра́нцыя;;;;;;;;
Франчэ́ска;;;;;;Francesco;;
Фройд;Зы́гмунд Фройд;;;;;Freud;;
Фром;Эрых Фром;;;;;Fromm;;
Фру́нзэ;Міхаі́л Фру́нзэ;<i>нязьм.</i>;;;;;;
Фры́длянд;;;;;;Friedland;;
Фры́дрых;;;;;;Friedrich;;
Фрыдрыхштра́сэ;;;;;;Friedrichstraße;;
Фры́дрых-Вільге́льм;;;;;;Friedrich-Wilhelm;;
Фры́дэбэрт;;;;;;Fridebert;;
Фрыдэ́рык;;;;;;Fryderyk;;
Фрыц;;;;;;Fritz;;
Фры́цьёф;;;;;;Fridtjof;;
Фрыш;;;;;;Frisch;;
Фры́шман;;;;;;Frischmann;;
Фрэ́дзі;Фрэ́дзі Мэ́ркуры;;;;;Freddie;;
Фрэ́дра;;;;;;Fredro;;
Фрэнк;;;;;;Frenk;;
Фрэ́нклін;Фрэ́нклін Ру́звэльт;;;;;Franklin;;
Фрэ́нсіс;;;;;;Francis;;
Фуко́;;;;;;Foucault;;
Фукс;;;;;;Fuchs;;
Фу́рманаў;;;;;;Фурманов;;
Фурс;;;;;;;;
Фур’е́;;;;;;Fourier;;
Фуэ́нтэс;;;;;;Fuentes;;
Фэдэ́цкі;;;;;;Fedecki;;
Фэ́лікс;;;;;;;;
Фэлі́ні;;;;;;Fellini;;
Фэ́ля;;;;;;;;
Фэмі́да;;;;;Тэмі́да;;;
Фэ́нікс;;;;;;;;
Фэ́рґюсан;;;;;;Fergusson;;
Фэрдына́нд;;;;;;Ferdinand;;
Фэрна́ндэс;;;;;;Fernandez;;
Фюнэ́с;Луі́ дэ Фюнэ́с;;;;;Funès;;
Хаба́раўск;;;;;;;;
Хадасе́віч;;;;;;;;
Хадке́віч;;;;;;;;
Хады́ка;;;-кі, <i>Т</i> -кам, <i>М</i> -ку;;;;;
Хажо́ва;;;;;;;;
Ха́ім;;;;;;;;
Ха́йдэгер;;;;;Га́йдэґер;;;
Ха́йкін;;;;;;;;
Халімо́н;;;;;;;;
Хало́пенічы;;;;;;;;
Хаму́ціюс;;;;;;;;
Ханаа́н;;;;;;;;
Ха́нсэн;;;;;Га́нсэн;;;
Ханты́-Мансі́йск;;;;;;;;
Ханука́;;;;;;;;
Харашке́віч;;;;;;;;
Харбі́н;;;;;;;;
Харва́тыя;;;;;;;;
Ха́ркаў;;;;;;;;
Харо́н;;;-на;;;;;
Харо́шкі;;;;;;;;
Ха́рпэр;;;;;Га́рпэр;;;
Хару́жая;Ве́ра Хару́жая;;;;;;;
Хасанбэ́к;;;;;;;;
Хасбула́таў;;;;;;;;
Хасэ́;;;;;;José;;
Хаты́нь;;;;;;;;
Хацке́віч;;;;;;;;
Ха́цкель;;;;;;;;
Ха́чынсан;;;;;Га́чынсан;;;
Хве́дар;;;;;;;;
Хве́дзька;;;;;;;;
Хвядо́с;;;;;;;;
Хе́льмут;;;;;Ге́льмут;;;
Хе́льсынкі;;;;;Ге́льсынкі;;;
Хемінгуэ́й;;;;;Гемінґуэ́й;;;
Хео́пс;;;;;;;;
Хё́йзынга;;;;;Гё́йзынґа;;;
Хікме́т;;;;;;Hikmet;;
Хірасі́ма;;;;;Гірасі́ма;;;
Хітро́ў;;;;;Гітро́ў;;;
Хічко́к;;;;;Гічко́к;;;
Хле́бнікаў;;;;;;;;
Хлябцэ́віч;;;;;;;;
Хмяльні́цкі;;;;;;;;
Хо́йнікі;;;;;;;;
Холмс;;;;;Голмс;;;
Хо́нэкер;;;;;Го́нэкер;;;
Хо́пкінс;;;;;Го́пкінс;;;
Хо́рхе;Хо́рхе Луі́с Бо́рхес;;;;;Jorge;;
Хо́цімск;;;;;;;;
Храпаві́цкі;;;;;;;;
Храпто́віч;;;;;;;;
Хру́цкі;;;;;;;;
Хрушчо́ў;;;;;;Хрущев;;
Хрыстафо́р;;;;;;;;
Хрысто́вы;;;;;;;;
Хрысто́с;;;;;;;;
Хрысьці́цель;;;;;;;;
Хрысьція́нія;;;;;;;;
Хрэно́ўскі;;;;;;;;
Хуа́н;;;;;;Juan;;
Хуанхэ́;;;;;;Huanghe;;
Ху́ліо;;;;;;Julio;;
Хэ́двіґ;;;;;Ге́двіґ;;;
Хэ́рбэрт;;;;;Гэ́рбэрт;;;
Х’юз;;;;;Г’юз;;;
Ца́дкін;;;;;;;;
Цадро́ўскі;;;;;;;;
Цана́ва;;;<i>ДМ</i> -ву, <i>Т</i> -вам;;;;;
Цапка́ла;;;;;;;;
Цвайґ;;;;;;Zweig;;
Цвэйґ;;;;;Цвайґ;;;
Це́леш;;;;;;;;
Целяха́ны;;;;;;;;
Це́рак;;;;;;;;
Церашко́віч;;;;;;;;
Церашча́тава;;;;;;;;
Цівалі́;;;;Ты́валі;;;;
Ціко́та;;;;;;;;
Цімашэ́нка;;;;;;;;
Ці́мкавічы;;;;;;;;
Цімо́хаў;;;;;;;;
Ціму́р;;;;;;;;
Ціт;;;;;;;;
Ці́та;;;;;;Tito;;
Ціто́ў;;;;;;Титов;;
Ці́ханаў;;;;;;Тихонов;;
Ціхі́ня;;;;;;;;
Ці́шка;;;;;;;;
Цой;;;;;;;;
Цыґа́нія;;;;;;;;
Цымэрма́н;;;;;;;;
Цыпру́к;;;;;;;;
Цыпрыя́н;;;;;;;;
Цыцэро́н;;;;;;Cicero;;
Цьвер;;;Цьвяры́;;;;;
Цьве́ршчына;;;;;;;;
Цьвіке́віч;;;;;;;;
Цьві́рка;;;;;;;;
Цэ́зар;;;;;;Caesar;;
Цэзо́нія;;;;;;;;
Цэйлё́н;;;;;;Ceylon;;
Цэ́льсій;;;;;;Celsius;;
Цэ́ткін;;;;;;Zetkin;;
Цю́рых;;;;;;Zürich;;
Цянь-Шань;;;;;;;;
Ця́пінскі;;;;;;;;
Цяро́хін;;;;;;;;
Цярэ́нцеў;;;;;;Терентьев;;
Цярэ́шка;;;;;;;;
Цярэ́шчанка;;;;;;;;
Цяце́рскі;;;;;;;;
Чабанмахі́;;;;;;;;
Чабатарэ́віч;;;;;;;;
Ча́вусы;;;;;;;;
Чазе́нія;;;;;;;;
Чайбалса́н;;;;;;;;
Чайко́ўскі;;;;;;;;
Ча́йльд;;;;;;Child;;
Чакуо́ліс;;;;;;Čekuolis;;
Чапа́йціс;;;;;;Čepaitis;;
Ча́плін;;;;;;Chaplin;;
Чарке́сія;;;;;;;;
Чарлз;;;;;;Charles;;
Ча́рлі;;;;;;Charlie;;
Чарнаго́рыя;;;;;;;;
Чарнамо́р’е;;;;;;;;
Чарні́гаў;;;;;;;;
Чарні́гаўшчына;;;;;;;;
Чарня́ўскі;;;;;;;;
Чаро́пка;;;;;;;;
Ча́рскі;;;;;;;;
Чартары́йскі;;;;;;;;
Чарэ́я;;;;;;;;
Часла́ў;;;;;;;;
Чаўшэ́ску;;;;;;Ceaușescu;;
Чахо́віч;;;;;;;;
Чачо́т;;;;;;;;
Чачэ́нія;;;;;;;;
Чачэ́рск;;;;;;;;
Ча́шнікі;;;;;;;;
Чжуа́н-Цзы́;;;;;;Zhuang Zi;;
Чу́дзкае во́зера;;;;;;;;
Чыгі́р;;;;;;;;
Чыгры́наў;;;;;;;;
Чыжо́ўка;;;;;;;;
Чыка́ґа;;;;;;Chicago;;
Чы́лі;;;;;;;;
Чынґісха́н;;;;;;;;
Чысьце́ц;;;Чы́стца;;;;;
Чы́сьць;;;;;;;;
Чыча́гаў;;;;;;;;
Чэйз;;;;;;Chase;;
Чэкана́ўскас;;;;;;Čekanauskas;;
Чэ́кман;;;;;;;;
Чэкмо́нас;;;;;;Čekmonas;;
Чэ́лсі;;;;;;Chelsea;;
Чэ́мер;;;;;;;;
Чэплізо́д;;;;;;Chapelizod;;
Чэ́рскі;;;;;;;;
Чэ́рчыл;;;;;;Churchill;;
Чэ́рыкаў;;;;;;;;
Чэ́сік;;;;;;;;
Чэске Будзяёвіцэ;;;;;;České Budějovice;;
Чэсь;;;;;;;;
Чэ́ся;;;;;;;;
Чэ́хаслава́ччына;;;;;;;;
Чэ́хія;;;;;;;;
Чэ Ґева́ра;;;;;;Che Guevara;;
ша́вельскі;;;;;;Ша́ўлі;;
Шаву́ра;;;;;;;;
Шаґа́л;;;;;;Chagall;;
Шаґанэ́;;;;;;;;
Шайба́к;;;;;;;;
Шаймі́еў;;;;;;;;
Шалке́віч;;;;;;;;
Шалко́ўскі;;;;;;;;
Шаляго́віч;;;;;;;;
Шамі́ль;;;;;;;;
Шамя́кін;;;;;;;;
Ша́ндар;;;;;;Sandor;;
Шанэ́ль;;;;;;;;
Шапты́цкі;;;;;;;;
Шапэ́н;;;;;;Chopin;;
Шапэнга́ўэр;;;;;;Schopenhauer;;
Шара́й;;;;;;;;
Шараме́цеў;;;;;;;;
Шардэ́н;;;;;;Chardin;;
Шарко́ўшчына;;;;;;;;
Шарль;;;;;;Charles;;
Шарэ́цкі;;;;;;;;
Шастако́віч;;;;;;;;
Шатля́ндыя;;;;;Шко́цыя;;;
Шатэ́рнік;;;;;;;;
Ша́ўлі;;;;;;;;
Шаўцо́ў;;;;;;;;
Шаўчэ́нка;;;;;;;;
Шафа́рык;;;;;;Šafařík;;
Шаці́ла;;;;;;;;
Шаці́лавічы;;;;;;;;
Шварц;;;;;;Schwarz;;
Шва́рцвальд;;;;;;Schwarzwald;;
Шварцэнэ́ґер;;;;;;Schwarzenegger;;
Швэйк;;;;;;Švejk;;
Швэйца́рыя;;;;;;;;
Швэ́цыя;;;;;;;;
Шклоў;;;Шкло́ва;;;;;
Шко́цыя;;;;;;;;
Шкра́ба;;;;;;;;
Шкялё́нак;;;;;;;;
Шлег;;;;;;;;
Шле́ґель;;;;;;Schlegel;;
Шлеерма́хер;;;;;;Schleiermacher;;
Шле́зьвіґ-Го́льштайн;;;;;;Schleswig-Holstein;;
Шлё́ґерыс;;;;;;Šliogeris;;
Шлёнск;;;;;;Śląsk;;
Шляжа́вічус;;;;;;Šleževičius;;
Шляжэ́віч;;;;;;Schleifer;;
Шля́йфэр;;;;;;;;
Шма́каў;;;;;;;;
Шмід;;;;;;;;
Шміт;;;;;;Schmidt;;
Шнарке́віч;;;;;;;;
Шніп;;;;;;;;
Шні́цлер;;;;;;Schnitzler;;
Шо́лахаў;;;;;;;;
Шпако́ўскі;;;;;;;;
Шпіле́ўскі;;;;;;;;
Шпі́ндлер;;;;;;Spindler;;
Шпрэ́ва;;;;;;Sprjewja, Spree;;
Шпэ́нґлер;;;;;;Spengler;;
Шта́йнзальц;;;;;;;;
Шта́ўбэрт;;;;;;Staubert;;
Што́льман;;;;;;Stolmann;;
Штраль;;;;;;;;
Шту́рмэр;;;;;;Sturmer;;
Шту́тґарт;;;;;;Stuttgart;;
Шты́хаў;;;;;;;;
Штэйн;;;;;;Stein;;
Штэ́йнэр;;;;;;Steiner;;
Штэ́фан;;;;;;Stefan;;
Штэ́фі;;;;;;Steffi;;
Шу́бэрт;;;;;;Schubert;;
Шу́йскі;;;;;;;;
Шукело́йць;;;;;;;;
Шульц;;;;;;Schultz;;
Шу́ман;;;;;;Schumann;;
Шумск;;;;;;;;
Шуне́йка;;;;;;;;
Шу́неўка;;;;;;;;
Шупе́нька;;;;;;;;
Шу́стэр;;;;;;Šuster;;
Шуто́віч;;;;;;;;
Шушке́віч;;;;;;;;
Шчакаці́хін;;;;;;;;
Шча́ра;;;;;;;;
Шчаўкуно́к;;;;;;;;
Шчо́рсы;;;;;;;;
Шчу́чын;;;;;;;;
Шыдло́ўскі;;;;;;;;
Шы́лер;;;;;;Schiller;;
Шы́ман;;;;;;Szymon;;
Шымане́ц;;;-нца́;;;;;
Шымано́віч;;;;;;;;
Шымано́ўскі;;;;;;;;
Шы́нклер;;;;;;;;
Шы́рлі;;;;;;;;
Шэвардна́дзэ;;;;;;;;
Шэ́ймас;;;;;;Seamus;;
Шэксьпі́р;;;;;;Shakespeare;;
Шэ́нбэрґ;;;;;;Schönberg;;
Шэ́ран;Шэ́ран Стоўн;;;;;Sharon;;
Шэ́рман;;;;;;;;
Шэрыда́н;;;;;;Sheridan;;
Э́ва;;;;;;;;
Э́ванс;;;;;;Evans;;
Эвэрэ́ст;;;;;;Everest;;
Э́ґан;;;;;;Egon;;
Эґе́йскі;;;;;;;;
Э́ґер;<i>м.</i> у Вугоршчыне;;;;;Eger;;
Эґі́дыюс;;;;;;Egidijus;;
Эґі́пэт;;;;;;;;
Э́двард;;;-да;;;Edward;;
Э́двін;;;-на;;;Edwin;;
Эдґа́р;;;-ра;;;Edgar;;
Эдзіге́й;;;;;Едыге́й;;;
Эдму́нд;;;-да;;;Edmund;;
Эдуа́рд;;;-да;;;;;
Эдынбу́рґ;<i>стал.</i> Шкоцыі;;-ґу;;;Edinburgh;;
Эды́п;;;-па;;;Oedipus;;
Эдэ́м;;;-му;;;;;
Эжэ́н;;;-на;;;Eugène;;
Э́зра;;;;;;Ezra;;
Эзэкіэ́ль;;<i>кат.</i>;;Езэкіі́ль;;;;
Эйдрыґе́віч;;;;;;;;
Эйдрыґя́вічус;;;;;;Eidrigevič;;
Эйдуке́віч;;;;;;;;
Э́ймант;;;;;;;;
Эйнштэ́йн;;;;;;Einstein;;
Э́йрэ;;;;;;;;
Э́йсмант;;;;;;;;
Эйфэ́лева ве́жа;;;;;;;;
Эйфэ́ль;;;;;;Eiffel;;
Э́йчысан;;;;;;Aitchison;;
Эйшы́шкі;;;Эйшы́шак;;;;;
Э́ка Умбэ́рта;;;;;;Eco Umberto;;
Эклезія́ст;;;-та;;;;;
Э́ла;;;;;;;;
Э́лвіс;;;;;;Elvis;;
Элеано́ра;;;;;;;;
Эле́н;;;;;;Hélène;;
Э́ліёт;;;;;;Eliot;;
Элі́за;;;;;;;;
Элі́забэт;;;;;;Elizabeth;;
Элізабэ́та;;;;;;;;
Э́ліс;;;;;;Alice;;
Элі́ста;;;;;;;;
Элія́гу;;;;;;Eliyahu;;
Э́лтан;;;;;;Elton;;
Э́льба;;;;;;Elbe;;
Эльдара́да;;;;;;;;
Эльза́с;;;;;;Alsace;;
Элюа́р;;;;;;Éluard;;
Э́ля;;;;;;;;
Эмануі́л;;;;;;;;
Эманюэ́ль;;;;;;Emanuelle;;
Э́мі;;;;;;Emi;;
Эмі́лія;;;;;;;;
Эміра́ты;;;;;;;;
Э́мэрсан;;;;;;Emerson;;
Э́нґельс;;;;;;Engels;;
Э́ндру;;;;;;Andrew;;
Эно́х;;;;;;;;
Энры́ка;;;;;;Enrico;;
Э́нтані;;;;;;Anthony;;
Энэі́да;;;;;;;;
Эо́н;;;;;;;;
Эпіма́х-Шыпі́ла;;;;;;;;
Эплба́ўм;;;;;;;;
Эпштэ́йн;;;;;;;;
Эра́зм;;;;;;Erasmus;;
Эрвэ́;;;;;;Hervé;;
Э́ркерт;;;;;;Erkert;;
Эрміта́ж;;;;;;;;
Эрнані́;;;;;;Hernani;;
Эрнст;;;;;;Ernst;;
Эрнэ́ст;;;;;;;;
Э́рык;;;;;;Eric;;
Э́рыка;;;;;;;;
Э́рых;;;;;;Erich;;
Эрэнкро́йц;;;;;;Ehrenkreuz;;
Эрэ́ці;;;;;;;;
Эстля́ндыя;;;;;;;;
Эсто́нія;;;;;;;;
Эстэ́р;;;;;;Esther;;
Эсхі́л;;;;;;Aeschylus;;
Э́твуд;;;;;;Atwood;;
Этыё́пія;;;;;;;;
Этэ́ль;;;;;;Ethel;;
Эўґе́ніюс;;;;;;Eugenijus;;
Эўдакі́я;;;;;;;;
Эўра́зія;;;;;;;;
Эўразьвя́з;;;-зу;;;;;
Эўрафо́рум;;;-му;;;;;
Эўро́па;;;;;;;;
Эўрыды́ка;;;;;;;;
Эўрыпі́д;;;;;;Euripides;;
Эўфрасі́ня;;;;;;;;
Эўфра́т;;;;;;Euphrates;;
Э́шфард;месты ў розн. краінах;;;;;Ashford;;
Ю́гансан;;;;;;Johansson;;
Югасла́вія;;;;;;;;
Юдзі́ф;;<i>нязьм., прав.</i>;;Юды́та;;;;
Юдо́він;;;"-на, <i>Т</i> -ным, <i>М</i> -ну; <i>Р мн.</i> -ных, <i>чый:</i> Юдо́вінаў";;;;;
Юды́та;;<i>кат.</i>;;Юдзі́ф;;;;
Ю́зік;;;-ка, <i>чый:</i> Ю́зікаў;;;;;
Ю́зэф;;;-фа, <i>М</i> -фу;;;Józef;;
Ю́кан;;;-ну, <i>М</i> -ну;;;Yukon;;
Юката́н;;;-ну, <i>М</i> -ну;;;Yucatan;;
Ю́лі;;;Ю́лія, <i>М</i> Ю́лію, <i>чый:</i> Ю́ліеў;;;;;
Ю́ліюс;;;Ю́ліюса, <i>М</i> Ю́ліюсу, <i>чый:</i> Ю́ліюсаў;;;Julius;;
Ю́ліюш;;;Ю́ліюша, <i>М</i> Ю́ліюшу;;;Juliusz;;
Ю́лія;;;Ю́ліі, <i>чый:</i> Ю́лін;;;;;
Юлія́н;;;Юлія́на, <i>М</i> Юлія́ну, <i>чый:</i> Юлія́наў;;;;;
Юлія́на;;;Юлія́ны, <i>М</i> Юлія́не, <i>чый:</i> Юлія́нін;;;;;
Юльля́на;;;Юльля́ны, <i>М</i> Юльля́не, <i>чый:</i> Юльля́нін;;;;;
Юлья́н;;;Юлья́на, <i>М</i> Юлья́ну, <i>чый:</i> Юлья́наў;;;;;
Юлья́на;;;Юлья́ны, <i>М</i> Юлья́не, <i>чый:</i> Юлья́нін;;;;;
Ю́ля;;;Ю́лі, <i>чый:</i> Ю́лін;;;;;
Ю́м;;;Ю́ма, <i>М</i> Ю́му, <i>чый:</i> Ю́маў;;;Hume;;
Ю́на;;;;;;;;
Ю́нґ;;;Ю́нґа, <i>М</i> Ю́нґу, <i>чый:</i> Ю́нґаў;;;Jung;;
Ю́ндзіл;;;;;;Jundziłł;;
ЮНЭ́СКА;;<i>нязьм.</i>;;;;UNESCO;;
Юпі́тэр;;;"-ра, <i>М</i> -ру; <i>Р мн.</i> -раў";;;;;
Ю́ра;;;-ры, <i>М</i> -ру, <i>чый:</i> Ю́раў;;;;;
Ю́равіцкі;;;;;;;;
Ю́равічы;;;-чаў;;;;;
Юра́сь;;;-ся́, <i>М</i> -сю́, <i>чый:</i> Юрасё́ў;;;;;
Юра́це;;;;;;Jūratė;;
Юра́цішкі;;;-шак;;;;;
Ю́рґа;;;;;;Jurga;;
Ю́рґен;;;;;;Jürgen;;
Ю́рґіс;;;;;;Jurgis;;
Юрґі́та;;;;;;Jurgita;;
Ю́рка;;;-кі, <i>М</i> -ку, <i>чый:</i> Ю́ркаў;;;;;
Юркаве́ц;;;-аўца́, <i>М</i> -аўцу́, <i>чый:</i> Юркаўцо́ў;;;;;
Ю́рчанка;;;-кі, <i>М</i> -ку, <i>чый:</i> Ю́рчанкаў;;;;;
Юршэ́нас;;;-са, <i>М</i> -су, <i>чый:</i> Юршэ́насаў;;;Juršėnas;;
Ю́ры;;;-рыя, <i>М</i> -рыю, <i>чый:</i> Ю́рыеў;;;;;
Юрэ́віч;;;-ча, <i>М</i> -чу, <i>чый:</i> Юрэ́вічаў;;;;;
Ю́р’я;;;;;;;;
Юста́пчык;;;-ка, <i>М</i> -ку, <i>чый:</i> Юста́пчыкаў;;;;;
Юсты́на;;;-ны, <i>М</i> -не, <i>чый:</i> Юсты́нін;;;;;
Юстынія́н;;;-ка, <i>М</i> -ку, <i>чый:</i> Юстынія́наў;;;;;
Юсьці́нас;;;;;;Justinas;;
Ютля́ндыя;;;;;;;;
Юхнаве́ц;;;-аўца́, <i>М</i> -аўцу́, <i>чый:</i> Юхнаўцо́ў;;;;;
Юхо́;;;;;;;;
Яга́йла;;;;;;;;
Яга́йлавіч;;;;;;;;
Яга́нэсбурґ;;;-ґу, <i>М</i> -ґу;;;Johannesburg;;
Яго́р;;;;;;;;
Яго́раў;;;;;;;;
Ядві́га;;;;;;;;
Ядві́гін Ш.;;;;;;;;
Ядві́ся;;;;;;;;
Я́дзя;;;;;;;;
Язафа́т;;;;;;;;
Язахва́т;;;;;;;;
Язэ́п;;;;;;;;
Я́ік;;;;;;;;
Якабсо́н;;;;;;;;
Якалцэ́віч;;;;;;;;
Я́каў;;;;;;;;
Я́каўлеў;;;;;;;;
Якімо́віч;;;;;;;;
Яку́б;;;;;;;;
Якубо́віч;;;;;;;;
Яку́тыя;;;;;;;;
Яку́цк;;;;;;;;
Я́кштас;;;;;;Jakštas;;
Якшу́к;;;;;;;;
Ялбжыко́ўскі;;;;;;Jałbrzykowski;;
Я́лта;;;;;;;;
Ялу́гін;;;;;;;;
Яма́га;;;;;;Yamaha;;
Яме́лька;;;;;;;;
Яме́ля;;;;;;;;
Ян;;;;;;;;
Я́начка;;;;;;;;
Яндарбі́еў;;;;;;;;
Яні́на;;;;;;;;
Яні́шчыц;;;;;;;;
Я́нка;;;;;;;;
Янкеле́віч;;;;;;;;
Янко́ўскі;;;;;;;;
Яно́віч;;;;;;;;
Яно́ўскі;;;;;;;;
Януа́ры;;;;;;;;
Яну́к;;;;;;;;
Я́нуш;;;;;;;;
Янушке́віч;;;;;;;;
Янчу́к;;;;;;;;
Янчэ́ўскі;;;;;;;;
Я́ня;;;;;;;;
Япо́нія;;;;;;;;
Ярамі́р;;;;;;;;
Ярасла́віч;;;;;;;;
Ярасла́ў;;;;;;;;
Ярасла́ўна;;;;;;;;
Ярасла́ўскі;;;;;;;;
Я́рац;;;;;;;;
Ярда́нія;;;;;;;;
Ярмо́ленка;;;;;;;;
Ярмо́шын;;;;;;;;
Яро́менка;;;;;;;;
Яро́мка;;;;;;;;
Ярузэ́льскі;;;;;;Jaruzelski;;
Яры́ла;;;;;;;;
Ярэ́міч;;;;;;;;
Я́сельда;;;;;;;;
Ясе́нін;;;;;;;;
Ясі́нскі;;;;;;;;
Яске́віч;;;;;;;;
Я́спэрс;;;;;;Jaspers;;
Я́сь;;;;;;;;
Я́ська;;;;;;;;
Яўге́н;;;;;;;;
Яўгі́ня;;;;;;;;
Яўлі́нскі;;;;;;;;
Яўне́віч;;;;;;;;
Яўсе́еў;;;;;;;;
Яўтухо́віч;;;;;;;;
Яўхі́м;;;;;;;;
Яфі́мава;;;;;;;;
Яфрэ́м;;;;;;;;
Яфрэ́маў;;;;;;;;
Я́цак;;;;;;;;
Яцке́віч;;;;;;;;
